CAS登録番号,物質名称,ニトリルゴム (0.1 mm),ニトリルゴム (0.11 mm),ニトリルゴム (0.12 mm),ニトリルゴム (0.13 mm),ニトリルゴム (0.2 mm),ニトリルゴム (0.3 mm),ニトリルゴム (0.38 mm),ニトリルゴム (0.45 mm),ニトリルゴム (0.46 mm),天然ゴム（ラテックス） (0.23 mm),ブチルゴム (0.35 mm),クロロプレンゴム (0.18 mm),クロロプレンゴム (0.45 mm),ポリビニルアルコール（PVA）,クロロスルホン化ポリエチレン（CSM） (0.9 mm),ポリ塩化ビニル,ウレタン (0.5 mm),フッ素ゴム/ブチルゴム (0.3 mm),クロロプレン/天然ゴム (0.68 mm),クロロプレン/天然ゴム (0.7 mm),ニトリル/ネオプレンゴム (0.2 mm),ニトリル/ネオプレンゴム (0.38 mm),ポリ塩化ビニル/ニトリルゴム,多層フィルム（LLDPE） (0.062 mm),多層フィルム（EVOH） (0.06 mm),その他多層/複層フィルム
50-21-5,乳酸,3,,,,3,3,,3,,3,3,3,,2,,,,3,3,,3,,3,3,,3
50-32-8,ベンゾ［ａ］ピレン,3,,,,3,3,,3,,0,3,2,,3,,,,3,3,,3,,2,3,3,0
50-78-2,アセチルサリチル酸,3,,,,3,3,,3,,3,3,3,,3,,,,3,3,,3,,3,3,3,
51-75-2,ビス（２－クロロエチル）メチルアミン（ナイトロジェンマスタード）,,,,,,,,,,,,,,,,,,,,,,,,,,
52-51-7,２－ブロモ－２－ニトロプロパン－１，３－ジオール（別名ブロノポル）,3,,,,3,3,,3,,3,3,3,,3,,,,3,3,,3,,3,3,3,
52-68-6,ジメチル＝２，２，２－トリクロロ－１－ヒドロキシエチルホスホナート（別名トリクロルホン又はＤＥＰ）,3,,,,3,3,,3,,3,3,3,,3,,,,3,3,,3,,3,3,3,
53-70-3,ジベンゾ［ａ，ｈ］アントラセン,3,,,,3,3,,3,,0,3,2,,3,,,,3,3,,3,,2,3,3,
54-11-5,３－（１－メチル－２－ピロリジニル）ピリジン（別名ニコチン）,,0,,,1,2,,2,,0,3,0,,,,,,3,0,,1,,0,3,3,3
55-18-5,Ｎ－ニトロソジエチルアミン,0,,,,0,0,,1,,0,3,0,,0,,,,2,0,,0,,0,3,3,3
55-38-9,チオりん酸Ｏ，Ｏ－ジメチル－Ｏ－（３－メチル－４－メチルチオフェニル）【フェンチオン】,0,,,,1,1,,2,,0,3,0,,,,,,3,1,,1,,0,3,,
55-56-1,クロルヘキシジン,3,,,,3,3,,3,,3,3,3,,3,,,,3,3,,3,,3,3,3,
55-63-0,ニトログリセリン,,,,,,,,,,,,,,,,,,,,,,,,,,
55-68-5,硝酸フェニル水銀,3,,,,3,3,,3,,2,3,3,,3,,,,3,3,,3,,3,3,3,
56-18-8,３，３’－イミノジ（プロピルアミン）,0,,,,1,1,,2,,0,3,2,,0,,,,3,,2,2,,2,3,,3
56-38-2,パラチオン,0,,,,1,3,,3,,0,3,0,,,,,,3,0,,1,,1,3,,3
56-55-3,ベンゾ［ａ］アントラセン,3,,,,3,3,,3,,0,3,2,,3,,,,3,3,,3,,2,3,3,
56-72-4,Ｏ－３－クロロ－４－メチルクマリン－７－イルＯ，Ｏ－ジエチルホスホロチオアート【クマホス】,3,,,,3,3,,3,,3,3,3,,3,,,,3,3,,3,,3,3,3,
57-06-7,イソチオシアン酸アリル,,,,,,,,,,,,,,,,,,,,,,,,,,
57-74-9,１，２，３，４，５，６，７，８，８－オクタクロロ－２，３，３ａ，４，７，７ａ－ヘキサヒドロ－４，７－メタノ－１Ｈ－インデン（別名クロルデン）,3,,,,3,3,,3,,3,3,3,,3,,,,3,3,,3,,3,3,3,3
57-92-1,１，１’－［（１Ｒ，２Ｒ，３Ｓ，４Ｒ，５Ｒ，６Ｓ）－４－（｛５－デオキシ－２－Ｏ－［２－デオキシ－２－（メチルアミノ）－アルファ－Ｌ－グルコピラノシル］－３－Ｃ－ホルミル－アルファ－Ｌ－リキソフラノシル｝オキシ）－２，５，６－トリヒドロキシシクロヘキサン－１，３－ジイル］ジグアニジン（別名ストレプトマイシン）,3,,,,3,3,,3,,3,3,3,,3,,,,3,3,,3,,3,3,3,
58-89-9,１，２，３，４，５，６－ヘキサクロロシクロヘキサン（リンデン）,3,,,,3,3,,3,,3,3,3,,3,,,,3,3,,3,,3,3,3,3
59-50-7,４－クロロ－３－メチルフェノール,3,,,,3,3,,3,,3,3,3,,3,,,,3,3,,3,,3,3,3,
59-89-2,Ｎ－ニトロソモルホリン,2,,,,2,3,,3,,1,3,2,,3,,,,3,3,,3,,3,3,,
60-09-3,パラ－フェニルアゾアニリン,,,,,,,,,,,,,,,,,,,,,,,,,,
60-34-4,メチルヒドラジン,0,,,,0,0,,0,,0,2,0,,0,,,,1,0,,0,,0,2,,3
60-57-1,１，２，３，４，１０，１０－ヘキサクロロ－６，７－エポキシ－１，４，４ａ，５，６，７，８，８ａ－オクタヒドロ－エキソ－１，４－エンド－５，８－ジメタノナフタレン（別名ディルドリン）,3,,,,3,3,,3,,2,3,3,,3,,,,3,3,,3,,3,3,3,
61-82-5,３－アミノ－１Ｈ－１，２，４－トリアゾール（別名アミトロール）,3,,,,3,3,,3,,3,3,3,,3,,,,3,3,,3,,3,3,3,
62-38-4,酢酸フェニル水銀,3,,,,3,3,,3,,2,3,3,,3,,,,3,3,,3,,3,3,3,
62-53-3,アニリン,0,,,,0,1,,1,,0,3,0,,3,,1,,3,2,,1,,1,3,3,3
62-56-6,チオ尿素,3,,,,3,3,,3,,3,3,3,,3,,,,3,3,,3,,3,3,3,3
62-74-8,フルオロ酢酸ナトリウム,3,,,,3,3,,3,,3,3,3,,3,,,,3,3,,3,,3,3,3,
62-75-9,Ｎ，Ｎ－ジメチルニトロソアミン,0,,,,0,0,,0,,0,2,0,,0,,,,2,0,,0,,0,3,,3
63-25-2,Ｎ－メチルカルバミン酸１－ナフチル【カルバリル】,3,,,,3,3,,3,,3,3,3,,3,,,,3,3,,3,,3,3,3,0
63-92-3,フェノキシベンザミン塩酸塩,3,,,,3,3,,3,,3,3,3,,3,,,,3,3,,3,,3,3,3,
64-04-0,ベータ－フェニルエチルアミン（別名フェネチルアミン）,0,,,,0,1,,1,,0,3,0,,3,,,,3,0,,0,,0,3,3,
64-18-6,ぎ酸,0,,,,1,1,,1,,1,3,3,,0,3,,,3,3,,1,,2,3,0,3
64-19-7,酢酸,0,,,,0,,1,,1,0,3,2,,0,,,,3,2,,1,,2,2,0,3
64-67-5,硫酸ジエチル,0,,,,1,2,,2,,0,3,2,,,,,,3,3,,1,,2,3,,3
64-69-7,ヨード酢酸,3,,,,3,3,,3,,2,3,3,,3,,,,3,3,,3,,3,3,3,
65-85-0,安息香酸,3,,,,3,3,,3,,3,3,3,,3,,3,,3,3,,3,,3,3,3,3
67-56-1,メタノール,0,,,,0,1,,1,,0,3,1,,0,,,,3,1,,1,,2,3,0,3
67-68-5,ジメチルスルホキシド,,0,,,1,2,,,2,1,3,1,,0,,3,,3,2,,2,,1,3,3,3
67-72-1,ヘキサクロロエタン,3,,,,3,3,,3,,3,3,3,,3,,,,3,3,,3,,3,3,3,
68-11-1,メルカプト酢酸,0,,,,0,1,,,1,1,3,1,,0,,,,3,3,,1,,2,3,,3
68-12-2,Ｎ，Ｎ－ジメチルホルムアミド,0,,,,0,1,,1,,0,3,0,,1,,1,,3,1,,0,,2,3,3,3
69-72-7,サリチル酸,3,,,,3,3,,3,,3,3,3,,3,,3,,3,3,,3,,3,3,3,
70-25-7,Ｎ－メチル－Ｎ’－ニトロ－Ｎ－ニトロソグアニジン,3,,,,3,3,,3,,3,3,3,,3,,,,3,3,,3,,3,3,3,
70-34-8,１－フルオロ－２，４－ジニトロベンゼン,0,,,,0,1,,1,,0,3,1,,3,,,,3,1,,1,,1,3,,
71-23-8,ノルマル－プロピルアルコール,1,,,,1,3,,3,,0,3,2,,1,,2,,3,1,,2,,2,3,3,3
71-36-3,１－ブタノール,1,,,,1,3,,3,,0,3,3,,2,,,,3,2,,3,,3,3,3,3
71-48-7,酢酸コバルト（Ⅱ）,3,,,,3,3,,3,,3,3,3,,3,,,,3,3,,3,,3,3,3,
71-55-6,１，１，１－トリクロロエタン,0,,,,0,1,,1,,0,0,0,,3,,0,,2,0,,0,,0,3,3,3
72-20-8,１，２，３，４，１０，１０－ヘキサクロロ－６，７－エポキシ－１，４，４ａ，５，６，７，８，８ａ－オクタヒドロ－エンド－１，４－エンド－５，８－ジメタノナフタレン（別名エンドリン）,3,,,,3,3,,3,,2,3,3,,3,,,,3,3,,3,,3,3,3,
72-43-5,１，１，１－トリクロロ－２，２－ビス（４－メトキシフェニル）エタン【メトキシクロル】,3,,,,3,3,,3,,3,3,3,,3,,,,3,3,,3,,3,3,3,
74-31-7,Ｎ，Ｎ’－ジフェニル－１，４－フェニレンジアミン,3,,,,3,3,,3,,3,3,3,,3,,,,3,3,,3,,3,3,3,
74-87-3,クロロメタン,0,,,,0,0,,1,,0,0,0,,3,,0,,2,0,,0,,0,3,3,3
74-89-5,メチルアミン,0,,,,0,0,,0,,0,0,0,,0,,,,1,0,,0,,0,2,0,0
74-96-4,臭化エチル,0,,,,0,0,,1,,0,0,0,,3,,,,2,0,,0,,0,3,3,0
74-97-5,ブロモ（クロロ）メタン,1,,,,1,2,,2,,0,0,0,,3,,,,,0,,0,,1,3,,0
75-04-7,エチルアミン,0,,,,0,0,,0,,0,0,0,,0,,,,1,0,,0,,0,2,1,3
75-05-8,アセトニトリル,0,,,,0,0,,,0,0,3,0,,2,2,0,0,2,1,,0,,1,3,,3
75-07-0,アセトアルデヒド,0,,,,0,0,,0,,0,3,0,,1,,0,,1,1,,0,,0,3,3,3
75-12-7,ホルムアミド,3,,,,3,3,,3,,2,3,2,,0,,,,3,3,,3,,3,3,,0
75-15-0,二硫化炭素,0,,,,0,0,,0,,0,0,0,,3,,,0,2,0,,0,,0,3,3,3
75-20-7,炭化カルシウム（別名カーバイド）,3,,,,3,3,,3,,3,3,3,,3,,,,3,3,,3,,3,3,3,
75-26-3,２－ブロモプロパン,0,,,,0,0,,,0,0,0,0,,3,,,,2,0,,0,,0,3,3,
75-27-4,ブロモジクロロメタン,0,,,,0,0,,0,,0,1,0,,3,,,,2,0,,0,,1,2,,0
75-31-0,イソプロピルアミン,0,,,,0,0,,0,,0,0,0,,0,,,,1,0,,0,,0,3,3,3
75-36-5,アセチルクロリド,0,,,,0,0,,0,,0,2,0,,1,,,,2,0,,0,,0,1,,3
75-47-8,ヨードホルム,3,,,,3,3,,3,,3,3,3,,3,,,,3,3,,3,,3,3,3,
75-50-3,トリメチルアミン,,,,,,,,,,,,,,,,,,,,,,,,,,
75-54-7,ジクロロ（メチル）シラン,1,,,,1,2,,,2,0,0,0,,3,,,,2,0,,2,,1,3,,3
75-55-8,プロピレンイミン,0,,,,0,0,,1,,0,2,0,,,,,,2,0,,0,,0,3,3,2
75-59-2,テトラメチルアンモニウム＝ヒドロキシド,3,,,,3,3,,3,,2,3,3,,3,,,,3,3,,3,,3,3,3,3
75-66-1,ｔｅｒｔ－ブチルメルカプタン,0,,,,1,1,,2,,0,3,0,,0,,,,3,0,,1,,1,3,3,
75-75-2,メタンスルホン酸,1,,,,1,2,,2,,2,3,2,,0,,,,3,3,,1,,3,3,,3
75-77-4,クロロトリメチルシラン,1,,,,1,2,,3,,0,1,0,,3,,,,2,1,,1,,1,3,,0
75-78-5,ジクロロ（ジメチル）シラン,,0,,,1,1,,2,,0,1,0,,3,,,,2,1,,1,,1,3,,3
75-79-6,トリクロロ（メチル）シラン,1,,,,1,2,,,2,0,0,0,,,,,,2,0,,1,,1,3,,3
75-86-5,アセトンシアノヒドリン,0,,,,0,1,,1,,0,3,1,,2,,,,3,1,,1,,1,3,,3
75-91-2,ｔｅｒｔ－ブチル＝ヒドロペルオキシド,1,,,,2,2,,3,,0,3,2,,0,,,,3,0,,2,,2,3,3,3
75-94-5,トリクロロ（ビニル）シラン,0,,,,0,1,,1,,0,0,0,,3,,,,2,0,,0,,0,3,,3
75-99-0,２，２－ジクロロプロピオン酸（別名ダラポン）,0,,,,0,1,,1,,0,3,2,,0,,,,3,,0,1,,1,3,,
76-03-9,トリクロロ酢酸,,,,,,,,,,,,,,,,,,,,,,,,,,
76-05-1,トリフルオロ酢酸,,,,,,,,,,,,,,,,,,,,,,,,,,
76-06-2,トリクロロニトロメタン,,,,,,,,,,,,,,,,,,,,,,,,,,
76-44-8,１，４，５，６，７，８，８－ヘプタクロロ－３ａ，４，７，７ａ－テトラヒドロ－４，７－メタノ－１Ｈ－インデン（別名ヘプタクロル）,3,,,,3,3,,3,,3,3,3,,3,,,,3,3,,3,,3,3,3,
77-47-4,ヘキサクロロシクロペンタジエン,1,,,,2,3,,3,,0,3,0,,3,,,,3,0,,2,,0,3,,0
77-77-0,ジビニルスルホン,1,,,,1,2,,2,,0,2,1,,0,,,,2,1,,1,,0,3,,
78-04-6,マレイン酸ジブチルスズ,,,,,,,,,,,,,,,,,,,,,,,,,3,
78-30-8,りん酸トリ（オルト－トリル）,2,,,,2,3,,3,,2,3,2,,3,,,,3,3,,3,,3,3,3,
78-34-2,１，４－ジオキサン－２，３－ジイルジチオビス（チオホスホン酸）Ｏ，Ｏ，Ｏ’，Ｏ’－テトラエチル【ジオキサチオン】,1,,,,1,2,,3,,,,1,,,,,,,2,,2,,,,3,
78-69-3,３，７－ジメチルオクタン－３－オール　(別名テトラヒドロリナロール）,2,,,,2,3,,3,,1,3,3,,3,,,,3,2,,3,,3,3,3,
78-70-6,リナロール,1,,,,1,2,,3,,0,2,1,,2,,,,3,1,,2,,0,3,3,
78-81-9,イソブチルアミン,0,,,,0,0,,,0,0,0,0,,0,,,,1,0,,0,,0,3,3,0
78-83-1,イソブチルアルコール,1,,,,1,3,,3,,0,3,2,,2,,,,3,1,,3,,2,3,3,3
78-85-3,２－メチル－２－プロペナール,0,,,,0,0,,,0,0,2,0,,,,,,2,1,,0,,0,3,3,
78-89-7,２－クロロ－１－プロパノール,0,,,,0,0,,,1,0,3,2,,2,,,,3,1,,1,,1,3,3,
78-90-0,１，２－プロパンジアミン,0,,,,0,1,,,1,0,3,1,,0,,,,3,2,,1,,1,3,,0
78-93-3,メチルエチルケトン,0,,,,0,0,,,0,0,2,0,,2,,0,,2,0,,0,,1,3,3,3
78-94-4,メチルビニルケトン,0,,,,0,0,,1,,0,2,0,,3,,,,2,1,,0,,1,3,3,3
78-95-5,クロロアセトン,0,,,,1,1,,1,,0,3,0,,2,,,,2,0,,1,,0,,3,3
78-96-6,１－アミノ－２－プロパノール,2,,,,2,3,,3,,2,3,2,,3,,,,3,3,,3,,3,3,,3
78-97-7,ラクトニトリル,0,,,,0,0,,1,,0,3,1,,2,,,,3,1,,1,,1,3,,
79-00-5,１，１，２－トリクロロエタン,0,,,,0,1,,1,,0,0,0,,3,,,,2,0,,0,,0,3,3,3
79-04-9,クロロアセチル＝クロリド,0,,,,0,0,,0,,0,2,0,,2,,,,2,0,,0,,0,2,,3
79-07-2,クロロアセトアミド,3,,,,3,3,,3,,3,3,3,,3,,,,3,3,,3,,3,3,,
79-08-3,ブロモ酢酸,,,,,,,,,,,,,,,,,,,,,,,,,,
79-09-4,プロピオン酸,,,,,,,,,,,,,,,,,,,,,,,,,,
79-10-7,アクリル酸,0,,,,0,1,,1,,0,3,2,,1,,,,3,,1,1,,1,3,3,3
79-11-8,クロロ酢酸【モノクロロ酢酸】,0,,,,0,1,,1,,1,3,2,,0,,3,,3,3,,1,,1,3,,3
79-14-1,ヒドロキシ酢酸,3,,,,3,3,,3,,3,3,3,,3,,,,3,3,,3,,3,3,3,3
79-21-0,過酢酸（39%）,0,,,,0,1,,2,,1,3,2,,0,,,,3,3,,1,,2,3,,3
79-22-1,メチルクロロホルマート,0,,,,0,0,,0,,0,3,0,,3,,,,2,0,,0,,0,3,,3
79-31-2,２－メチルプロピオン酸,1,,,,1,2,,2,,0,3,1,,0,,,,3,2,,1,,2,2,,
79-33-4,Ｌ－乳酸,3,,,,3,3,,3,,3,3,3,,2,,,,3,3,,3,,3,3,,
79-36-7,ジクロロ酢酸クロリド,0,,,,0,0,,0,,0,0,0,,2,,,,2,0,,0,,0,1,,3
79-41-4,メタクリル酸,0,,,,0,1,,1,,0,3,1,,0,,,,3,1,,1,,1,3,,3
79-43-6,ジクロロ酢酸,0,,,,0,1,,1,,1,3,1,,0,,,,3,2,,1,,1,3,,
79-44-7,ジメチルカルバモイル＝クロリド,0,,,,0,0,,0,,0,3,0,,3,,,,3,0,,0,,0,3,3,
79-57-2,オキシテトラサイクリン,3,,,,3,3,,3,,3,3,3,,3,,,,3,3,,3,,3,3,3,
80-05-7,ビスフェノールＡ,,,,,,,,,,,,,,,,,,,,,,,,,,
80-10-4,ジクロロジフェニルシラン,,,,,,,,,,,,,,,,,,,,,,,,,,
80-15-9,１－メチル－１－フェニルエチル＝ヒドロペルオキシド,0,,,,1,2,,,2,0,3,1,,,,,,3,1,,1,,1,3,,3
80-46-6,４－ｔｅｒｔ－ペンチルフェノール,3,,,,3,3,,3,,3,3,3,,3,,,,3,3,,3,,3,3,3,
80-54-6,３－（４－ｔｅｒｔ－ブチルフェニル）－２－メチルプロパナール,,0,,,1,1,,1,,,3,,,3,,,,3,,,1,,1,3,3,
80-56-8,２，６，６－トリメチルビシクロ［３．１．１］ヘプタ－２－エン（α－ピネン）,1,,,,1,3,,3,,0,0,1,,3,,,,3,1,,3,,2,3,3,
80-62-6,メタクリル酸メチル,0,,,,0,0,,1,,0,1,0,,3,,,,1,0,,0,,0,3,3,3
81-81-2,３－（アルファ－アセトニルベンジル）－４－ヒドロキシクマリン【ワルファリン】,3,,,,3,3,,3,,2,3,3,,3,,,,3,3,,3,,3,3,3,
82-66-6,ダイファノシン,3,,,,3,3,,3,,2,3,3,,3,,,,3,3,,3,,3,3,3,
82-68-8,ペンタクロロニトロベンゼン,3,,,,3,3,,3,,3,3,3,,3,,,,3,3,,3,,3,3,3,
83-79-4,ロテノン,3,,,,3,3,,3,,3,3,3,,3,,,,3,3,,3,,3,3,3,
84-61-7,フタル酸ジシクロヘキシル,3,,,,3,3,,3,,3,3,3,,3,,,,3,3,,3,,3,3,3,
84-66-2,フタル酸ジエチル,3,,,,3,3,,3,,1,3,3,,3,,,,3,3,,3,,3,3,3,3
84-74-2,フタル酸ジ－ｎ－ブチル,2,,,,2,3,,3,,1,3,1,,3,,3,,3,3,,3,,3,3,3,3
85-00-7,１，１’－エチレン－２，２’－ビピリジニウム＝ジブロミド（別名ジクワット）,3,,,,3,3,,3,,3,3,3,,3,,,,3,3,,3,,3,3,3,3
85-01-8,フェナントレン,3,,,,3,3,,3,,0,3,2,,3,,,,3,3,,3,,2,3,3,
85-42-7,ヘキサヒドロ無水フタル酸,3,,,,3,3,,3,,2,3,3,,3,,,,3,3,,3,,3,3,3,
85-43-8,テトラヒドロ無水フタル酸,3,,,,3,3,,3,,3,3,3,,3,,,,3,3,,3,,3,3,3,
85-44-9,無水フタル酸,3,,,,3,3,,3,,3,3,3,,3,,,,3,3,,3,,3,3,3,3
86-50-0,ジチオりん酸Ｏ，Ｏ－ジメチル－Ｓ－［（４－オキソ－１，２，３－ベンゾトリアジン－３（４Ｈ）－イル）メチル］（アジンホスメチル）,3,,,,3,3,,3,,1,3,3,,3,,,,3,3,,3,,3,3,3,0
86-54-4,ヒドララジン,3,,,,3,3,,3,,3,3,3,,3,,,,3,3,,3,,3,3,3,
86-88-4,１－ナフチルチオ尿素,3,,,,3,3,,3,,3,3,3,,3,,,,3,3,,3,,3,3,3,
87-56-9,ムコクロル酸,3,,,,3,3,,3,,3,3,3,,3,,,,3,3,,3,,3,3,3,
87-59-2,２，３－ジメチルアニリン,0,,,,0,1,,1,,0,3,0,,3,,,,3,1,,1,,1,3,3,
87-61-6,１，２，３－トリクロロベンゼン,2,,,,2,3,,3,,1,3,2,,3,,,,3,3,,3,,3,3,3,3
87-62-7,２，６－ジメチルアニリン,0,,,,0,1,,1,,0,3,0,,3,,,,3,1,,1,,1,3,3,
87-68-3,六塩化ブタジエン,0,,,,1,2,,3,,0,0,0,,3,,,,1,1,,1,,2,3,3,3
87-90-1,１，３，５－トリクロロ－１，３，５－トリアジン２，４，６－トリオン；トリクロロイソシアヌール酸（別名シムクロセン）,3,,,,3,3,,3,,3,3,3,,3,,,,3,3,,3,,3,3,3,
88-09-5,２－エチルブタン酸,,,,,,,,,,,,,,,,,,,,,,,,,,
88-12-0,Ｎ－ビニル－２－ピロリドン,0,,,,0,1,,1,,0,3,0,,3,,2,,3,1,,0,,0,3,3,3
88-18-6,２－ｔｅｒｔ－ブチルフェノール,0,,,,0,1,,1,,0,3,1,,3,,,,3,1,,0,,1,3,,
88-60-8,２－ターシャリ－ブチル－５－メチルフェノール,0,,,,0,2,,2,,0,2,2,,3,,,,3,2,,1,,2,3,3,
88-72-2,２－ニトロトルエン,0,,,,0,1,,1,,0,3,0,,3,,,,3,0,,0,,0,3,3,2
88-73-3,オルト－ニトロクロロベンゼン,3,,,,3,3,,3,,2,3,3,,3,,,,3,3,,3,,3,3,3,0
88-85-7,ブタフェン（ジノセブ）,3,,,,3,3,,3,,2,3,3,,3,,,,3,3,,3,,3,3,3,
88-88-0,１－クロロ－２，４，６－トリニトロベンゼン,3,,,,3,3,,3,,3,3,3,,3,,,,3,3,,3,,3,3,3,
88-89-1,ピクリン酸,3,,,,3,3,,3,,3,3,3,,3,,,,3,3,,3,,3,3,3,0
89-32-7,１，２，４，５－ベンゼンテトラカルボン酸無水物,3,,,,3,3,,3,,3,3,3,,3,,,,3,3,,3,,3,3,3,
89-72-5,オルト－セカンダリ－ブチルフェノール,0,,,,0,1,,1,,0,3,1,,3,,,,3,1,,0,,1,3,,
89-83-8,チモール,3,,,,3,3,,3,,3,3,3,,3,,,,3,3,,3,,3,3,3,
89-98-5,２－クロロベンズアルデヒド,1,,,,1,2,,3,,0,2,0,,3,,,,2,0,,1,,2,3,3,
90-04-0,ｏ－アニシジン,0,,,,0,0,,0,,0,3,0,,3,,,,3,1,,0,,0,3,3,
90-05-1,２－メトキシフェノール,,,,,,,,,,,,,,,,,,,,,,,,,,
90-12-0,１－メチルナフタレン,0,,,,0,1,,,1,0,0,0,,3,,,,3,1,,1,,1,3,3,
90-15-3,１－ナフトール,3,,,,3,3,,3,,3,3,3,,3,,,,3,3,,3,,3,3,3,
90-30-2,１－（Ｎ－フェニルアミノ）－ナフタレン,3,,,,3,3,,3,,3,3,3,,3,,,,3,3,,3,,3,3,3,
90-72-2,２，４，６－トリス（ジメチルアミノメチル）フェノール,2,,,,2,3,,3,,0,3,2,,,,,,3,1,,3,,3,3,,
91-17-8,デカヒドロナフタレン,2,,,,2,3,,3,,0,0,0,,2,,,,3,0,,1,,2,3,3,
91-53-2,６－エトキシ－１，２－ジヒドロ－２，２，４－トリメチルキノリン（別名エトキシキン）,0,,,,0,1,,1,,1,3,1,,,,,,3,2,,1,,0,3,3,
91-57-6,２－メチルナフタレン,0,,,,0,1,,,1,0,0,0,,3,,,,3,1,,1,,1,3,3,
91-97-4,３，３’－ジメチルビフェニル－４，４’－ジイル＝ジイソシアネート,,,,,,,,,,,,,,,,,,,,,,,,,,
92-13-7,ピロカルピン,3,,,,3,3,,3,,2,3,3,,3,,,,3,3,,3,,3,3,3,
92-52-4,ビフェニル,3,,,,3,3,,3,,3,3,3,,3,,,,3,3,,3,,3,3,3,
92-70-6,β－ヒドロキシナフトエ酸,3,,,,3,3,,3,,3,3,3,,3,,,,3,3,,3,,3,3,3,
92-84-2,フェノチアジン,3,,,,3,3,,3,,3,3,3,,3,,,,3,3,,3,,3,3,3,
93-05-0,Ｎ，Ｎ－ジエチル－パラ－フェニレンジアミン,0,,,,0,1,,1,,0,2,1,,3,,,,3,1,,1,,1,3,3,
93-76-5,２，４，５－トリクロロフェノキシ酢酸,3,,,,3,3,,3,,3,3,3,,3,,,,3,3,,3,,3,3,3,
94-09-7,パラ－アミノ安息香酸エチルエステル,,,,,,,,,,,,,,,,,,,,,,,,,,
94-36-0,ジベンゾイルペルオキシド,3,,,,3,3,,3,,3,3,3,,3,,,,3,3,,3,,3,3,3,
94-74-6,（４－クロロ－２－メチルフェノキシ）酢酸,3,,,,3,3,,3,,3,3,3,,3,,,,3,3,,3,,3,3,3,3
94-75-7,２，４－ジクロロフェノキシ酢酸,3,,,,3,3,,3,,3,3,3,,3,,,,3,3,,3,,3,3,3,3
95-31-8,Ｎ－（ｔｅｒｔ－ブチル）－２－ベンゾチアゾールスルフェンアミド,3,,,,3,3,,3,,3,3,3,,3,,,,3,3,,3,,3,3,3,
95-33-0,Ｎ－シクロヘキシル－２－ベンゾチアゾールスルフェンアミド,3,,,,3,3,,3,,3,3,3,,3,,,,3,3,,3,,3,3,3,
95-47-6,ｏ－キシレン,0,,,,0,1,,,1,0,1,0,,3,,,,3,0,,1,,1,3,3,3
95-48-7,ｏ－クレゾール,0,,,,0,1,,2,,1,3,2,,3,,,,3,2,,1,,2,3,,3
95-50-1,ｏ－ジクロロベンゼン,0,,,,0,1,,1,,0,1,0,,3,,,,2,1,,0,,0,3,3,3
95-51-2,ｏ－クロロアニリン,0,,,,0,0,,,0,0,3,0,,3,,,,3,2,,0,,0,3,3,
95-54-5,ｏ－フェニレンジアミン,3,,,,3,3,,3,,3,3,3,,3,,,,3,3,,3,,3,3,3,
95-55-6,ｏ－アミノフェノール,3,,,,3,3,,3,,3,3,3,,3,,,,3,3,,3,,3,3,3,
95-57-8,オルト－クロロフェノール,0,,,,0,1,,1,,0,3,1,,3,,,,3,1,,0,,1,3,,
95-64-7,３，４－ジメチルアニリン,3,,,,3,3,,3,,3,3,3,,3,,,,3,3,,3,,3,3,3,
95-65-8,３，４－キシレノール （別名３，４－ジメチルフェノール）,3,,,,3,3,,3,,3,3,3,,3,,,,3,3,,3,,3,3,3,
95-68-1,２，４－ジメチルアニリン,0,,,,0,1,,1,,0,3,0,,3,,,,3,1,,1,,1,3,3,3
95-69-2,４－クロロ－オルト－トルイジン,3,,,,3,3,,3,,3,3,3,,3,,,,3,3,,3,,3,3,3,
95-70-5,パラトルイレンジアミン,3,,,,3,3,,3,,3,3,3,,3,,,,3,3,,3,,3,3,3,
95-76-1,３，４－ジクロロアニリン,3,,,,3,3,,3,,3,3,3,,3,,,,3,3,,3,,3,3,3,3
95-78-3,２，５－ジメチルアニリン,0,,,,0,1,,1,,0,3,0,,3,,,,3,1,,1,,1,3,3,
95-80-7,２，４－トルエンジアミン（別名２，４－ジアミノトルエン）,3,,,,3,3,,3,,3,3,3,,3,,,,3,3,,3,,3,3,3,
95-82-9,２，５－ジクロロアニリン,0,,,,0,1,,1,,0,3,0,,3,,,,3,2,,0,,0,3,3,
95-87-4,２，５－キシレノール （別名２，５－ジメチルフェノール）,3,,,,3,3,,3,,3,3,3,,3,,,,3,3,,3,,3,3,3,
96-05-9,アリル＝メタクリレート,0,,,,0,0,,,0,0,1,0,,0,,,,1,0,,0,,0,3,3,
96-09-3,フェニルオキシラン（別名スチレンオキシド）,0,,,,0,0,,1,,0,3,0,,3,,,,3,0,,0,,0,3,,
96-12-8,１，２－ジブロモ－３－クロロプロパン,0,,,,0,0,,,0,0,2,0,,3,,,,2,0,,0,,0,3,,3
96-18-4,１，２，３－トリクロロプロパン,0,,,,0,1,,1,,0,3,0,,3,,,,3,0,,0,,0,3,3,0
96-29-7,ブタンー２ーオン＝オキシム,,1,,,2,3,,3,,0,3,1,,,,0,,3,2,,2,,1,,,3
96-33-3,アクリル酸メチル,0,,,,0,0,,,0,0,2,0,,2,,,,1,0,,0,,0,3,3,3
96-34-4,クロロ酢酸メチル,0,,,,0,1,,1,,0,3,0,,3,,,,3,0,,1,,1,3,3,0
96-45-7,２－イミダゾリジンチオン（別名エチレンチオウレア）,3,,,,3,3,,3,,3,3,3,,3,,,,3,3,,3,,3,3,3,
97-00-7,１－クロロ－２，４－ジニトロベンゼン,3,,,,3,3,,3,,3,3,3,,3,,,,3,3,,3,,3,3,3,
97-17-6,チオりん酸Ｏ－２，４－ジクロロフェニル－Ｏ，Ｏ－ジエチル,,,,,,,,,,,,,,,,,,,,,,,,,,
97-23-4,２，２’－ジヒドロキシ－５，５’－ジクロロジフェニルメタン（別名ジクロロフェン）,3,,,,3,3,,3,,3,3,3,,3,,,,3,3,,3,,3,3,3,
97-53-0,オイゲノール,1,,,,1,2,,3,,0,3,1,,3,,,,3,2,,2,,2,3,,
97-54-1,イソオイゲノール,1,,,,1,2,,2,,1,3,1,,3,,,,3,2,,1,,2,3,,
97-56-3,２－メチル－４－（２－トリルアゾ）アニリン　  (別名２－アミノアゾトルエン）,3,,,,3,3,,3,,3,3,3,,3,,,,3,3,,3,,3,3,3,
97-63-2,メタクリル酸エチル,0,,,,0,0,,1,,0,1,0,,3,,,,2,0,,0,,0,3,3,3
97-65-4,イタコン酸,3,,,,3,3,,3,,3,3,3,,3,,,,3,3,,3,,3,3,3,
97-72-3,無水イソ酪酸,0,,,,0,1,,1,,0,3,1,,1,,,,2,1,,1,,1,3,,
97-74-5,テトラメチルチウラムモノスルフィド,3,,,,3,3,,3,,3,3,3,,3,,,,3,3,,3,,3,3,3,
97-77-8,テトラエチルチウラムジスルフィド【ジスルフィラム】,3,,,,3,3,,3,,3,3,3,,3,,,,3,3,,3,,3,3,3,
97-86-9,メタクリル酸イソブチル,0,,,,1,1,,2,,0,1,0,,3,,,,1,1,,0,,1,3,3,
97-88-1,メタクリル酸ノルマル－ブチル,0,,,,1,2,,2,,0,1,0,,3,,,,1,1,,0,,1,3,3,
97-90-5,エチレンジメタクリラート,0,,,,1,2,,2,,0,3,0,,3,,,,3,1,,1,,1,3,,
97-93-8,トリエチルアルミニウム,,,,,,,,,,,,,,,,,,,,,,,,,,3
97-94-9,トリエチルボラン,,,,,,,,,,,,,,,,,,,,,,,,,,
98-00-0,フルフリルアルコール,0,,,,0,1,,1,,0,3,1,,3,,,,3,2,,1,,1,3,,3
98-01-1,フルフラール,0,,,,0,0,,1,,0,3,0,,3,,0,,3,1,,0,,1,3,3,3
98-09-9,ベンゼンスルホニルクロリド,,,,,,,,,,,,,,,,,,,,,,,,,,3
98-11-3,ベンゼンスルホン酸,,,,,,,,,,,,,,,,,,,,,,,,,3,
98-13-5,トリクロロフェニルシラン,0,,,,0,0,,0,,0,0,0,,,,,,3,0,,0,,0,3,,3
98-29-3,ｔ－ブチルカテコール,3,,,,3,3,,3,,3,3,3,,3,,,,3,3,,3,,3,3,,3
98-54-4,４－ターシャリ－ブチルフェノール,3,,,,3,3,,3,,3,3,3,,3,,,,3,3,,3,,3,3,3,
98-56-6,ｐ－クロロ－α，α，α－トリフルオロトルエン,0,,,,1,2,,,2,0,1,0,,3,,1,,1,0,,1,,1,3,,3
98-73-7,ｐ－ｔｅｒｔ－ブチル安息香酸,3,,,,3,3,,3,,3,3,3,,3,,,,3,3,,3,,3,3,3,
98-88-4,塩化ベンゾイル,0,,,,0,0,,,0,0,0,0,,3,,,,2,0,,0,,0,3,,3
98-94-2,Ｎ，Ｎ－ジメチルシクロヘキシルアミン,0,,,,0,1,,2,,0,2,1,,3,,,,2,2,,1,,1,3,,3
98-95-3,ニトロベンゼン,0,,,,1,2,,2,,0,3,0,,3,,,,3,1,,1,,1,3,3,3
99-08-1,３－ニトロトルエン,0,,,,0,1,,1,,0,3,0,,3,,,,3,0,,0,,0,3,3,
99-35-4,トリニトロベンゼン,,,,,,,,,,,,,,,,,,,,,,,,,,
99-54-7,１，２－ジクロロ－４－ニトロベンゼン,3,,,,3,3,,3,,3,3,3,,3,,,,3,3,,3,,3,3,3,
99-65-0,ｍ－ジニトロベンゼン,3,,,,3,3,,3,,3,3,3,,3,,,,3,3,,3,,3,3,3,
99-71-8,パラ－ｓｅｃ－ブチルフェノール,,,,,,,,,,,,,,,,,,,,,,,,,3,
99-88-7,４－イソプロピルアニリン,0,,,,0,1,,1,,0,1,0,,3,,,,3,1,,1,,1,3,3,
100-01-6,ｐ－ニトロアニリン,3,,,,3,3,,3,,3,3,3,,3,,,,3,3,,3,,3,3,3,
100-02-7,ｐ－ニトロフェノール,3,,,,3,3,,3,,3,3,3,,3,,,,3,3,,3,,3,3,3,0
100-20-9,テレフタル酸クロライド,3,,,,3,3,,3,,3,3,3,,3,,,,3,3,,3,,3,3,3,
100-25-4,ｐ－ジニトロベンゼン,3,,,,3,3,,3,,3,3,3,,3,,,,3,3,,3,,3,3,3,
100-36-7,Ｎ，Ｎ－ジエチルエチレンジアミン,0,,,,0,1,,1,,0,1,1,,1,,,,2,1,,0,,1,3,,
100-37-8,２－（ジエチルアミノ）エタノール,1,,,,2,3,,3,,0,3,1,,3,,,,3,2,,2,,1,3,3,3
100-40-3,４－ビニル－１－シクロヘキセン,2,,,,2,3,,3,,0,1,0,,2,,,,3,0,,2,,2,3,,3
100-43-6,４－ビニルピリジン,0,,,,0,0,,0,,0,1,0,,1,,,,2,0,,0,,0,3,3,0
100-44-7,塩化ベンジル,0,,,,0,0,,1,,0,1,0,,3,,,,2,0,,0,,0,3,3,3
100-51-6,ベンジルアルコール,,0,,,1,1,,2,,0,3,1,,0,,,,3,1,,1,,2,3,3,3
100-61-8,Ｎ－メチルアニリン,0,,,,0,0,,0,,0,3,1,,3,,,,3,1,,0,,0,3,3,
100-63-0,フェニルヒドラジン,0,,,,0,1,,1,,0,3,1,,3,,,,3,2,,1,,1,3,,
100-69-6,２－ビニルピリジン,0,,,,0,1,,1,,0,2,0,,1,,,,2,0,,0,,0,3,3,
100-74-3,Ｎ－エチルモルホリン,1,,,,1,2,,2,,0,3,0,,2,,,,2,1,,1,,1,3,3,
100-97-0,１，３，５，７－テトラアザトリシクロ［３．３．１．１（３，７）］デカン,3,,,,3,3,,3,,3,3,3,,3,,,,3,3,,3,,3,3,3,
101-27-9,Ｎ－（３－クロロフェニル）カルバミド酸４－クロロ－２－ブチニル（別名バーバン）,,,,,,,,,,,,,,,,,,,,,,,,,,
101-43-9,メタクリル酸シクロヘキシル,0,,,,0,1,,1,,0,1,0,,3,,,,1,1,,0,,0,3,,
101-54-2,Ｎ－フェニル－１，４－ベンゼンジアミン,3,,,,3,3,,3,,3,3,3,,3,,,,3,3,,3,,3,3,3,
101-68-8,メチレンビス（４，１－フェニレン）＝ジイソシアネート（別名４’４’－ＭＤＩ）,2,,,,2,3,,3,,1,3,2,,3,,,,3,3,,3,,3,3,,3
101-72-4,Ｎ－イソプロピル－Ｎ’－フェニル－ｐ－フェニレンジアミン,3,,,,3,3,,3,,3,3,3,,3,,,,3,3,,3,,3,3,3,
101-77-9,４，４’－メチレンジアニリン,2,,,,2,3,,3,,2,3,2,,3,,,,3,3,,2,,3,3,3,3
101-80-4,４，４’－ジアミノジフェニルエーテル,3,,,,3,3,,3,,3,3,3,,3,,,,3,3,,3,,3,3,3,3
101-83-7,ジシクロヘキシルアミン,,0,,,1,3,,3,,0,1,1,,1,,,,2,2,,2,,1,3,3,
101-86-0,２－ベンジリデンオクタナール,1,,,,1,2,,,2,0,0,1,,0,,,,3,1,,2,,1,3,3,
101-90-6,１，３－ビス［（２，３－エポキシプロピル）オキシ］ベンゼン,3,,,,3,3,,3,,3,3,3,,3,,,,3,3,,3,,3,3,,
102-08-9,Ｎ，Ｎ’－ジフェニルチオ尿素,3,,,,3,3,,3,,3,3,3,,3,,,,3,3,,3,,3,3,3,
102-36-3,イソシアン酸－３，４－ジクロロフェニル,3,,,,3,3,,3,,3,3,3,,3,,,,3,3,,3,,3,3,3,
102-71-6,トリエタノールアミン,3,,,,3,3,,3,,2,3,2,,3,,3,,3,3,,3,,3,3,3,3
102-77-2,２－（モルホリノチオ）ベンゾチアゾール,,,,,,,,,,,,,,,,,,,,,,,,,3,
102-81-8,２－（ジ－ｎ－ブチルアミノ）エタノール,2,,,,2,3,,3,,0,3,1,,3,,,,3,1,,3,,2,3,3,
103-11-7,アクリル酸２－エチルヘキシル,1,,,,1,2,,3,,0,1,0,,3,,,,2,1,,1,,1,3,3,0
103-71-9,フェニルイソシアネート,0,,,,0,0,,0,,0,1,0,,3,,,,2,0,,0,,0,3,,
103-83-3,ジメチルベンジルアミン,0,,,,1,2,,,2,0,1,0,,,,,,2,1,,1,,0,3,3,3
103-95-7,２－メチル－３－（ｐ－イソプロピルフェニル）プロピオンアルデヒド,,0,,,1,1,,1,,,3,,,3,,,,3,,,1,,1,3,3,
104-15-4,４－メチルベンゼンスルホン酸,3,,,,3,3,,3,,3,3,3,,3,,,,3,3,,3,,3,3,3,0
104-75-6,２－エチルヘキシルアミン,0,,,,0,1,,,1,0,2,1,,1,,,,2,1,,1,,1,3,3,
104-78-9,３－（ジエチルアミノ）プロピルアミン,0,,,,0,0,,,0,0,2,0,,3,,,,2,0,,0,,,3,,
104-83-6,アルファ，４－ジクロロトルエン,0,,,,0,0,,,0,0,3,0,,3,,,,,0,,0,,0,1,3,
104-90-5,５－エチル－２－メチルピリジン,0,,,,0,0,,,0,0,1,0,,1,,,,1,,0,0,,0,3,3,
104-94-9,ｐ－アニシジン,3,,,,3,3,,3,,3,3,3,,3,,,,3,3,,3,,3,3,3,
105-16-8,メタクリル酸２－（ジエチルアミノ）エチル,1,,,,1,2,,2,,0,3,1,,3,,,,2,1,,1,,0,3,3,
105-36-2,ブロモ酢酸エチル,0,,,,0,1,,1,,0,3,0,,3,,,,3,0,,0,,1,3,3,3
105-39-5,クロロ酢酸エチル,0,,,,0,1,,1,,0,3,0,,3,,,,3,0,,1,,1,3,3,3
105-55-5,Ｎ，Ｎ’－ジエチルチオ尿素,3,,,,3,3,,3,,3,3,3,,3,,,,3,3,,3,,3,3,3,
105-64-6,ジイソプロピルパーオキシジカーボネート,,,,,,,,,,,,,,,,,,,,,,,,,,
105-67-9,２，４－キシレノール,0,,,,0,2,,2,,0,2,2,,3,,,,3,2,,1,,2,3,,
105-87-3,酢酸ゲラニル,1,,,,1,2,,3,,0,1,1,,3,,,,3,1,,2,,2,3,3,
106-24-1,ゲラニオール,3,,,,3,3,,3,,0,3,3,,3,,,,3,2,,3,,3,3,3,
106-31-0,無水酪酸,0,,,,0,1,,1,,0,3,1,,1,,,,2,2,,1,,1,3,3,
106-42-3,ｐ－キシレン,0,,,,0,1,,,1,0,1,0,,3,,,,3,0,,1,,1,3,3,3
106-43-4,４－クロロトルエン,0,,,,0,1,,1,,0,0,0,,3,,,,3,0,,0,,0,3,3,3
106-44-5,ｐ－クレゾール,,0,,,1,2,,3,,0,3,2,,3,,,,3,2,,2,,2,3,,3
106-46-7,ｐ－ジクロロベンゼン,3,,,,3,3,,3,,3,3,3,,3,,,,3,3,,3,,3,3,3,3
106-47-8,ｐ－クロロアニリン,3,,,,3,3,,3,,3,3,3,,3,,,,3,3,,3,,3,3,3,3
106-48-9,４－クロロフェノール,3,,,,3,3,,3,,2,3,3,,3,,,,3,3,,3,,3,3,3,3
106-49-0,ｐ－トルイジン,3,,,,3,3,,3,,3,3,3,,3,,,,3,3,,3,,3,3,3,
106-50-3,ｐ－フェニレンジアミン,3,,,,3,3,,3,,3,3,3,,3,,,,3,3,,3,,3,3,3,3
106-51-4,ｐ－ベンゾキノン (別名ｐ－キノン),3,,,,3,3,,3,,3,3,3,,3,,,,3,3,,3,,3,3,3,0
106-75-2,２，２’－オキシジエチルビス（クロロホルマート）,0,,,,0,0,,,0,0,3,0,,3,,,,2,,0,0,,0,3,,
106-87-6,４－オキシラニル－１，２－エポキシシクロヘキサン,0,,,,0,1,,1,,0,3,0,,3,,,,3,1,,0,,0,3,,
106-88-7,１，２－エポキシブタン（別名 １，２－酸化ブチレン）,0,,,,0,0,,0,,0,1,0,,3,,,,1,0,,0,,0,2,3,0
106-89-8,２－（クロロメチル）オキシラン（別名エピクロロヒドリン）,0,,,,0,0,,,0,0,3,0,,3,,0,,2,1,,0,,0,3,,3
106-90-1,アクリル酸グリシジル,0,,,,0,0,,1,,0,2,0,,,,,,2,0,,0,,,3,3,
106-91-2,メタクリル酸２，３－エポキシプロピル,0,,,,0,1,,,1,0,3,0,,3,,,,3,1,,0,,0,3,3,3
106-92-3,１－アリルオキシ－２，３－エポキシプロパン（別名アリルグリシジルエーテル）,0,,,,0,0,,1,,0,3,0,,,,,,2,0,,0,,,3,,
106-93-4,１，２－ジブロモエタン【EDB】,0,,,,0,0,,,0,0,1,0,,3,,,,3,0,,0,,0,3,3,3
106-95-6,３－ブロモ－１－プロペン,0,,,,0,0,,0,,0,0,0,,3,,,,1,0,,0,,0,1,3,0
107-02-8,アクロレイン,0,,,,0,0,,0,,0,2,0,,0,,,,2,1,,0,,0,3,3,3
107-05-1,塩化アリル,0,,,,0,0,,,0,0,1,0,,2,,,,2,1,,0,,0,3,3,3
107-07-3,エチレンクロロヒドリン,0,,,,0,0,,1,,0,3,2,,2,,,,3,2,,1,,1,3,3,3
107-10-8,プロピルアミン,0,,,,0,0,,0,,0,0,0,,0,,,,1,0,,0,,0,3,,3
107-11-9,アリルアミン,0,,,,0,0,,0,,0,0,0,,0,,,,1,0,,0,,0,3,,0
107-15-3,エチレンジアミン,0,,,,0,1,,,1,0,3,1,,0,,,,3,2,,1,,1,3,,3
107-18-6,アリルアルコール,0,,,,0,1,,,1,0,3,0,,0,,1,,2,1,,1,,2,3,,3
107-19-7,２－プロピン－１－オール,0,,,,0,0,,1,,0,3,1,,1,,,,3,1,,0,,1,3,,3
107-20-0,クロロアセトアルデヒド（50%）,2,,,,2,3,,3,,0,3,2,,0,,,,3,2,,3,,2,3,,
107-21-1,エチレングリコール,3,,,,3,3,,3,,3,3,3,,2,,,,3,3,,3,,3,3,,3
107-22-2,グリオキサール,3,,,,3,3,,3,,2,3,3,,0,,,,3,3,,3,,3,3,,
107-31-3,ぎ酸メチル,0,,,,0,0,,0,,0,2,0,,3,,,,2,0,,0,,0,3,,3
107-49-3,テトラエチルピロホスフェイト（別名TEPP）,0,,,,0,0,,,0,0,1,0,,0,,,,1,0,,0,,0,3,,
107-64-2,ジメチルジオクタデシルアンモニウムクロリド（別名ＤＯＤＡＣ）,3,,,,3,3,,3,,3,3,3,,3,,,,3,3,,3,,3,3,3,
107-66-4,りん酸ジ－ノルマル－ブチル,3,,,,3,3,,3,,2,3,2,,3,,,,3,3,,2,,3,3,3,
107-86-8,３－メチル－２－ブテナール,0,,,,0,1,,1,,0,3,0,,1,,,,3,1,,0,,0,3,3,
107-92-6,ノルマル酪酸,1,,,,1,2,,2,,0,3,1,,0,,,,3,2,,1,,2,2,,3
107-94-8,３－クロロプロピオン酸,0,,,,0,0,,0,,0,3,1,,,,,,2,,,0,,3,,,
107-96-0,ベータ－メルカプトプロピオン酸,1,,,,2,2,,2,,0,3,2,,0,,,,3,,2,2,,2,2,,
108-01-0,２－ジメチルアミノエタノール,1,,,,1,2,,3,,0,3,1,,3,,,,2,2,,2,,1,3,3,3
108-03-2,１－ニトロプロパン,0,,,,0,0,,,0,0,3,0,,3,,,,3,1,,0,,0,3,3,3
108-11-2,４－メチル－２－ペンタノール,1,,,,1,3,,3,,0,3,2,,2,,,,3,2,,3,,3,3,3,
108-18-9,ジイソプロピルアミン,,0,,,1,2,,3,,0,0,0,,2,,,,3,1,,1,,1,3,3,0
108-23-6,クロロギ酸イソプロピル,0,,,,0,0,,0,,0,3,0,,3,,,,2,0,,0,,0,3,,
108-24-7,無水酢酸,0,,,,0,0,,,0,0,3,1,,1,,,,2,2,,0,,0,3,0,3
108-30-5,無水コハク酸,3,,,,3,3,,3,,3,3,3,,3,,,,3,3,,3,,3,3,3,
108-31-6,無水マレイン酸,3,,,,3,3,,3,,3,3,3,,3,,,,3,3,,3,,3,3,3,3
108-38-3,ｍ－キシレン,0,,,,0,1,,,1,0,1,0,,3,,,,3,0,,1,,1,3,3,3
108-39-4,ｍ－クレゾール,,0,,,1,2,,3,,0,3,2,,3,,,,3,2,,2,,2,3,,3
108-42-9,クロロアニリン（３－クロロアニリン）／クロロアニリン,0,,,,0,0,,,0,0,3,0,,3,,,,3,2,,0,,0,3,3,
108-44-1,ｍ－トルイジン,0,,,,0,1,,,1,0,3,0,,3,,,,3,1,,0,,0,3,3,3
108-45-2,ｍ－フェニレンジアミン,3,,,,3,3,,3,,3,3,3,,3,,,,3,3,,3,,3,3,3,
108-46-3,レソルシノール（別名レゾルシン）,3,,,,3,3,,3,,3,3,3,,3,,,,3,3,,3,,3,3,3,
108-68-9,３，５－キシレノール （別名３，５－ジメチルフェノール）,3,,,,3,3,,3,,3,3,3,,3,,,,3,3,,3,,3,3,3,
108-69-0,３，５－ジメチルアニリン,0,,,,0,1,,1,,0,3,0,,3,,,,3,1,,1,,1,3,3,
108-70-3,１，３，５－トリクロロベンゼン,0,,,,0,1,,,1,0,2,1,,3,,,,3,1,,1,,1,3,3,
108-77-0,２，４，６－トリクロロ－１，３，５－トリアジン,3,,,,3,3,,3,,2,3,3,,3,,,,3,3,,3,,3,3,3,
108-88-3,トルエン,0,,,,0,1,,1,,0,0,0,,3,0,,1,3,0,,0,,1,3,3,3
108-91-8,シクロヘキシルアミン,0,,,,1,1,,2,,0,1,0,,0,,,,2,1,,1,,0,3,3,2
108-93-0,シクロヘキサノール,2,,,,2,3,,3,,0,3,1,,3,,,,3,1,,3,,3,3,,3
108-94-1,シクロヘキサノン,0,,,,0,1,,1,,0,3,0,,3,,,,2,1,,0,,1,3,3,3
108-98-5,チオフェノール,0,,,,0,0,,,0,0,0,0,,,,,,2,0,,0,,0,3,3,3
108-99-6,３－メチルピリジン,0,,,,0,0,,0,,0,1,0,,1,,,,1,0,,0,,0,3,3,3
109-06-8,２－メチルピリジン（２－ピコリン）,0,,,,0,0,,0,,0,2,0,,1,,,,2,0,,0,,0,3,3,3
109-52-4,吉草酸,1,,,,1,2,,2,,1,3,2,,0,,,,3,2,,1,,2,2,,
109-55-7,Ｎ，Ｎ－ジメチル－１，３－ジアミノプロパン,0,,,,0,1,,,1,0,2,0,,3,,0,,3,1,,0,,1,3,,0
109-61-5,クロロぎ酸ノルマルプロピル,0,,,,0,0,,,0,0,3,0,,3,,,,2,1,,0,,0,3,,
109-63-7,三フッ化ホウ素ジエチルエーテル（別名三フッ化ホウ素エーテルコンプレックス）,0,,,,1,3,,3,,0,3,1,,,,,,3,1,,1,,1,,,3
109-73-9,ｎ－ブチルアミン,0,,,,0,0,,0,,0,0,0,,0,,0,,1,0,,0,,0,3,3,3
109-79-5,１－ブタンチオール,0,,,,1,1,,2,,0,3,0,,0,,,,3,0,,1,,1,3,3,
109-83-1,２－メチルアミノエタノール,1,,,,1,2,,3,,0,3,2,,3,,,,3,2,,2,,1,3,,3
109-86-4,エチレングリコールモノメチルエーテル,0,,,,0,1,,2,,0,3,0,,1,,,,3,1,,1,,1,3,3,3
109-89-7,ジエチルアミン,0,,,,0,1,,1,,0,0,0,,0,0,0,1,1,0,,0,,1,3,,3
109-99-9,テトラヒドロフラン,0,,,,0,0,,,0,0,0,0,,1,,0,0,1,0,,0,,0,3,3,3
110-16-7,マレイン酸,3,,,,3,3,,3,,3,3,3,,3,,,,3,3,,3,,3,3,3,3
110-18-9,Ｎ，Ｎ，Ｎ’，Ｎ’－テトラメチルエチレンジアミン,0,,,,1,2,,2,,0,1,0,,0,,,,2,0,,1,,0,3,,3
110-25-8,オレオイルザルコシン,1,,,,2,3,,3,,0,1,1,,2,,,,3,2,,2,,2,3,,
110-49-6,エチレングリコールモノメチルエーテルアセテート,0,,,,0,1,,1,,0,3,1,,3,,,,2,1,,1,,1,3,3,3
110-54-3,ノルマル－ヘキサン,1,,,,1,3,,3,,0,0,1,,3,,0,3,3,1,,3,,1,3,3,3
110-62-3,１－ペンタナール（別名ｎ－バレルアルデヒド）,0,,,,0,0,,0,,0,1,0,,1,,,,1,1,,0,,0,3,3,
110-65-6,２－ブチン－１，４－ジオール,3,,,,3,3,,3,,3,3,3,,3,,,,3,3,,3,,3,3,3,
110-80-5,エチレングリコールモノエチルエーテル,0,,,,1,2,,2,,0,3,1,,1,,,,3,1,,1,,1,3,,3
110-85-0,ピペラジン,3,,,,3,3,,3,,3,3,3,,3,,,,3,3,,3,,3,3,3,0
110-86-1,ピリジン,0,,,,0,0,,0,,0,2,0,,1,,,,1,,0,0,,0,3,3,3
110-89-4,ピペリジン,0,,,,0,1,,2,,0,3,0,,,,,,2,0,,1,,0,3,3,0
110-91-8,モルホリン,0,,,,0,0,,,0,0,3,0,,2,,1,,2,1,,0,,0,3,3,3
110-97-4,ジイソプロパノールアミン,3,,,,3,3,,3,,3,3,3,,3,,,,3,3,,3,,3,3,3,
111-14-8,ノルマルヘプタン酸,1,,,,1,2,,3,,0,3,2,,0,,,,3,2,,2,,2,3,,
111-15-9,エチレングリコールモノエチルエーテルアセテート（別名セロソルブアセテート）,0,,,,0,1,,2,,0,3,1,,3,,,,2,1,,1,,1,3,3,3
111-17-1,３，３’－チオジプロピオン酸,3,,,,3,3,,3,,3,3,3,,3,,,,3,3,,3,,3,3,3,
111-30-8,グルタルアルデヒド,0,,,,0,0,,1,,0,3,0,,1,,,,2,1,,0,,0,3,3,3
111-36-4,１－イソシアナートブタン,0,,,,1,1,,1,,0,0,0,,3,,,,0,0,,0,,0,3,,
111-40-0,Ｎ－（２－アミノエチル）－１，２－エタンジアミン（別名ジエチレントリアミン）,0,,,,1,1,,2,,0,3,2,,0,,,,3,,2,2,,2,3,3,3
111-41-1,Ｎ－（２－アミノエチル）－２－アミノエタノール,1,,,,2,3,,3,,2,3,2,,1,,,,3,3,,2,,3,3,,3
111-42-2,２，２’－イミノジエタノール,2,,,,2,3,,3,,2,3,2,,3,,,,3,3,,3,,3,3,3,3
111-44-4,ビス（２－クロロエチル）エーテル,0,,,,0,1,,1,,0,3,0,,3,,,,3,0,,0,,0,3,3,3
111-49-9,ヘキサヒドロ－１Ｈ－アゼピン,0,,,,0,1,,1,,0,1,0,,1,,,,1,1,,0,,0,3,3,
111-69-3,アジポニトリル,0,,,,0,,0,,0,0,3,1,,3,,,,3,1,,1,,1,3,3,3
111-76-2,エチレングリコールモノ－ノルマル－ブチルエーテル（別名ブチルセロソルブ）,1,,,,1,2,,3,,0,3,2,,2,,2,,3,1,,2,,2,3,3,3
111-78-4,シクロオクタ－１，５－ジエン,1,,,,1,3,,3,,0,0,0,,3,,,,3,1,,3,,2,3,3,3
111-86-4,１－オクタンアミン,0,,,,0,1,,,1,0,1,1,,1,,,,2,1,,1,,1,3,3,
111-92-2,ジブチルアミン,1,,,,1,2,,3,,0,0,1,,3,,,,3,1,,2,,1,3,3,0
111-96-6,ジエチレングリコールジメチルエーテル,0,,,,0,1,,1,,0,2,0,,3,,,,2,1,,0,,1,3,3,3
112-02-7,ヘキサデカン－１－イル（トリメチル）アンモニウム＝クロリド,3,,,,3,3,,3,,3,3,3,,3,,,,3,3,,3,,3,3,3,
112-07-2,エチレングリコールモノブチルエーテルアセタート【２－ブトキシエチルアセタート又はＥＧＢＥＡ】,0,,,,0,1,,2,,0,3,0,,3,,,,2,1,,1,,1,3,3,0
112-18-5,Ｎ，Ｎ－ジメチルドデカン－１－イルアミン,1,,,,2,3,,3,,0,1,1,,3,,,,3,1,,2,,1,3,3,
112-24-3,トリエチレンテトラミン,2,,,,2,3,,3,,1,3,2,,0,,,,3,,2,2,,1,3,,3
112-55-0,ｎ－ドデシルメルカプタン,2,,,,2,3,,3,,0,2,1,,3,,,,3,2,,2,,2,3,3,
112-57-2,テトラエチレンペンタミン,2,,,,3,3,,3,,1,3,2,,0,,,,3,,2,3,,2,3,,3
112-75-4,Ｎ，Ｎ－ジメチルテトラデカン－１－イルアミン,,1,,,2,3,,3,,0,1,1,,3,,,,3,1,,2,,1,3,3,
112-90-3,（Ｚ）－９－オクタデセン－１－アミン（別名オレイルアミン）,2,,,,3,3,,3,,1,3,3,,3,,,,3,3,,3,,3,3,3,
113-00-8,グアニジン,3,,,,3,3,,3,,3,3,3,,3,,,,3,3,,3,,3,3,3,
115-19-5,３－メチル－１－ブチン－３－オール,0,,,,0,0,,0,,0,3,1,,1,,,,3,1,,0,,0,3,,
115-21-9,トリクロロエチルシラン,0,,,,0,1,,,1,0,0,0,,3,,,,3,0,,1,,0,3,,
115-29-7,６，７，８，９，１０，１０－ヘキサクロロ－１，５，５ａ，６，９，９ａ－ヘキサヒドロ－６，９－メタノ－２，４，３－ベンゾジオキサチエピン＝３－オキシド　  (別名エンドスルファン）,3,,,,3,3,,3,,2,3,3,,3,,,,3,3,,3,,3,3,3,
115-90-2,チオりん酸Ｏ，Ｏ－ジエチル－Ｏ－［４－（メチルスルフィニル）フェニル］（別名フェンスルホチオン）,0,,,,1,3,,3,,0,3,0,,,,,,3,0,,1,,1,3,,
115-95-7,酢酸リナリル,0,,,,0,0,,,0,0,1,0,,3,,,,0,0,,0,,0,3,3,
117-08-8,テトラクロロフタル酸無水物,3,,,,3,3,,3,,3,3,3,,3,,,,3,3,,3,,3,3,3,
117-81-7,フタル酸ビス（２－エチルヘキシル）,2,,,,3,3,,3,,1,3,2,,1,,,,3,3,,3,,3,3,3,3
118-52-5,１，３－ジクロロ－５，５－ジメチルイミダゾリジン－２，４－ジオン,3,,,,3,3,,3,,3,3,3,,3,,,,3,3,,3,,3,3,3,
118-74-1,ヘキサクロロベンゼン,3,,,,3,3,,3,,2,3,3,,3,,,,3,3,,3,,3,3,3,
118-75-2,２，３，５，６－テトラクロロ－パラ－ベンゾキノン,3,,,,3,3,,3,,3,3,3,,3,,,,3,3,,3,,3,3,3,
118-79-6,２，４，６－トリブロモフェノール,3,,,,3,3,,3,,3,3,3,,3,,,,3,3,,3,,3,3,3,3
118-96-7,２，４，６－トリニトロトルエン,,,,,,,,,,,,,,,,,,,,,,,,,3,
119-12-0,チオりん酸Ｏ，Ｏ－ジエチル－Ｏ－（６－オキソ－１－フェニル－１，６－ジヒドロ－３－ピリダジニル,3,,,,3,3,,3,,3,3,3,,3,,,,3,3,,3,,3,3,3,
119-36-8,メチル＝２－ヒドロキシベンゾアート（別名サリチル酸メチル）,0,,,,1,1,,1,,0,3,1,,,,,,3,2,,1,,1,3,,3
119-38-0,イソラン,2,,,,2,2,,3,,1,3,2,,,,,,3,2,,2,,2,3,,
120-12-7,アントラセン,1,,,,2,3,,3,,0,3,2,,3,,,,3,3,,3,,2,3,3,
120-32-1,２－ベンジル－４－クロロフェノール （別名クロロフェン）,3,,,,3,3,,3,,3,3,3,,3,,,,3,3,,3,,3,3,3,
120-36-5,２－（２，４－ジクロロフェノキシ）プロピオン酸（別名ジクロルプロップ）,3,,,,3,3,,3,,3,3,3,,3,,,,3,3,,3,,3,3,3,3
120-78-5,ジ（ベンゾチアゾール－２－イル）ジスルフィド（別名ＭＢＴＳ）,3,,,,3,3,,3,,3,3,3,,3,,,,3,3,,3,,3,3,3,
120-80-9,カテコール（別名ピロカテコール）,3,,,,3,3,,3,,3,3,3,,3,,,,3,3,,3,,3,3,3,3
120-83-2,２，４－ジクロロフェノール,3,,,,3,3,,3,,3,3,3,,3,,,,3,3,,3,,3,3,3,3
121-03-9,２－メチル－５－ニトロベンゼンスルホン酸,3,,,,3,3,,3,,3,3,3,,3,,,,3,3,,3,,3,3,3,
121-44-8,トリエチルアミン,,,0,,1,3,,3,,0,2,0,,3,,,,3,0,,3,,2,3,3,3
121-57-3,４－アミノベンゼンスルホン酸,3,,,,3,3,,3,,3,3,3,,3,,,,3,3,,3,,3,3,3,
121-69-7,Ｎ，Ｎ－ジメチルアニリン,0,,,,0,1,,1,,0,1,1,,3,,,,3,1,,0,,0,3,3,3
121-75-5,ジチオりん酸Ｏ，Ｏ－ジメチル－Ｓ－１，２－ビス（エトキシカルボニル）エチル　（別名：マラチオン）,0,,,,0,,1,2,,0,2,0,,,,,,3,1,,1,,1,3,,3
121-79-9,プロピル＝３，４，５－トリヒドロキシベンゾアート,3,,,,3,3,,3,,3,3,3,,3,,,,3,3,,3,,3,3,3,
121-82-4,ヘキサヒドロ－１，３，５－トリニトロ－１，３，５－トリアジン（１５質量％の水で湿性としたものに限る）,3,,,,3,3,,3,,2,3,3,,3,,,,3,3,,3,,3,3,3,
122-14-5,チオリン酸Ｏ，Ｏ－ジメチル－Ｏ－（３－メチル－４－ニトロフェニル）（別名フェニトロチオン）,0,,,,1,2,,3,,0,3,0,,,,,,3,0,,1,,1,3,,
122-18-9,Ｎ－ベンジル－Ｎ，Ｎ－ジメチルヘキサデカン－１－アミニウム，クロリド（１：１）,3,,,,3,3,,3,,3,3,3,,3,,,,3,3,,3,,3,3,3,
122-39-4,ジフェニルアミン,3,,,,3,3,,3,,3,3,3,,3,,,,3,3,,3,,3,3,3,0
122-40-7,アミルケイ皮アルデヒド,0,,,,0,1,,,1,0,2,0,,3,,,,2,1,,0,,0,3,3,
122-52-1,亜リン酸トリエチル,0,,,,0,0,,,0,0,3,0,,,,,,3,1,,0,,0,3,,
122-60-1,２，３－エポキシプロピル＝フェニルエーテル（別名フェニルグリシジルエーテル）,0,,,,1,1,,1,,,3,2,,,,,,3,3,,1,,1,3,,3
122-99-6,２－フェノキシエタノール,,,,,,,,,,,,,,,,,,,,,,,,,,
123-03-5,塩化セチルピリジニウム,,,,,,,,,,,,,,,,,,,,,,,,,,
123-07-9,４－エチルフェノール,3,,,,3,3,,3,,3,3,3,,3,,,,3,3,,3,,3,3,3,
123-30-8,ｐ－アミノフェノール,3,,,,3,3,,3,,3,3,3,,3,,,,3,3,,3,,3,3,3,
123-31-9,ヒドロキノン,3,,,,3,3,,3,,3,3,3,,3,,,,3,3,,3,,3,3,3,3
123-39-7,Ｎ－メチルホルムアミド,0,,,,0,1,,1,,1,3,2,,1,,,,3,3,,1,,1,3,3,3
123-51-3,イソペンチルアルコール,1,,,,1,3,,3,,0,3,3,,2,,0,,3,1,,3,,3,3,3,3
123-54-6,アセチルアセトン【２，４－ペンタンジオン】,0,,,,0,0,,,0,0,2,0,,3,,,,2,0,,0,,0,3,3,3
123-62-6,無水プロピオン酸,0,,,,0,1,,1,,0,3,1,,1,,,,2,2,,1,,0,3,,
123-73-9,クロトンアルデヒド（別名（Ｅ）－２－ブテナール）,0,,,,0,0,,1,,0,2,0,,0,,,,2,1,,0,,0,3,3,
123-75-1,ピロリジン,0,,,,0,1,,1,,0,2,0,,,,,,2,0,,0,,0,3,3,3
123-77-3,アゾジカルボンアミド,3,,,,3,3,,3,,3,3,3,,3,,,,3,3,,3,,3,3,3,
124-02-7,ジアリルアミン,0,,,,0,0,,1,,0,1,0,,,,,,1,0,,0,,0,,3,0
124-09-4,ヘキサメチレンジアミン,3,,,,3,3,,3,,3,3,3,,3,,,,3,3,,3,,3,3,3,3
124-28-7,Ｎ，Ｎ－ジメチルオクタデシルアミン,,1,,,2,3,,3,,0,1,1,,3,,,,3,1,,2,,1,3,3,
124-40-3,ジメチルアミン,0,,,,0,1,,1,,0,2,0,,1,,,,2,1,,1,,0,3,0,3
124-41-4,ナトリウムメタノラート,3,,,,3,3,,3,,3,3,3,,3,,,,3,3,,3,,3,3,3,3
124-43-6,過酸化尿素,3,,,,3,3,,3,,3,3,3,,3,,,,3,3,,3,,3,3,3,
124-63-0,メタンスルホニルクロリド,0,,,,0,1,,1,,0,3,0,,0,,,,3,1,,0,,0,2,,3
124-68-5,２－アミノ－２－メチルプロパノール,3,,,,3,3,,3,,2,3,2,,3,,,,3,3,,3,,3,3,,
126-73-8,りん酸トリ－ｎ－ブチル,0,,,,1,1,,2,,0,2,1,,3,,,,2,1,,0,,0,3,3,3
126-98-7,メタクリロニトリル,0,,,,0,0,,,0,0,3,0,,2,,,,3,0,,0,,0,3,3,0
126-99-8,２－クロロ－１，３－ブタジエン（クロロプレン）,0,,,,0,0,,1,,0,0,0,,3,,,,2,0,,0,,0,1,3,0
127-00-4,１－クロロ－２－プロパノール,0,,,,0,0,,1,,0,3,2,,2,,,,3,1,,1,,1,3,3,0
127-19-5,Ｎ，Ｎ－ジメチルアセトアミド,0,,,,0,1,,1,,0,3,0,,2,,0,,3,1,,0,,1,3,3,3
127-51-5,α－イソメチルヨノン,0,,,,0,1,,1,,0,3,0,,2,,,,2,1,,0,,1,3,3,
127-68-4,３－ニトロベンゼンスルホン酸ナトリウム,3,,,,3,3,,3,,3,3,3,,3,,,,3,3,,3,,3,3,3,
127-91-3,ベータ－ピネン,1,,,,1,3,,3,,0,0,1,,3,,,,3,1,,3,,2,3,3,
131-17-9,フタル酸ジアリル　（別名ジアリルフタラート）,0,,,,0,0,,1,,0,2,0,,3,,,,2,0,,0,,0,3,3,
131-57-7,（２－ヒドロキシ－４－メトキシフェニル）（フェニル）メタノン,3,,,,3,3,,3,,3,3,3,,3,,,,3,3,,3,,3,3,3,
131-72-6,２，４－ジニトロ－６－（オクタン－２－イル）フェニル＝（Ｅ）－２－ブテノアート（別名メプチルジノカップ）,,,,,,,,,,,,,,,,,,,,,,,,,3,
131-74-8,ピクリン酸アンモニウム,3,,,,3,3,,3,,3,3,3,,3,,,,3,3,,3,,3,3,3,
131-89-5,２，４－ジニトロ－６－シクロヘキシルフェノール  （別名ジネックス）,3,,,,3,3,,3,,3,3,3,,3,,,,3,3,,3,,3,3,3,
132-27-4,ナトリウム＝１，１’－ビフェニル－２－オラート,3,,,,3,3,,3,,3,3,3,,3,,,,3,3,,3,,3,3,3,
133-06-2,キャプタン,3,,,,3,3,,3,,3,3,3,,3,,,,3,3,,3,,3,3,3,3
133-07-3,Ｎ－（トリクロロメチルチオ）フタルイミド（別名ホルペット）,3,,,,3,3,,3,,3,3,3,,3,,,,3,3,,3,,3,3,3,
135-19-3,ベタナフトール,1,,,,1,2,,2,,1,3,2,,3,,,,3,3,,2,,2,3,,
135-88-6,２－（Ｎ－フェニルアミノ）－ナフタレン,3,,,,3,3,,3,,3,3,3,,3,,,,3,3,,3,,3,3,3,
136-52-7,２－エチルヘキサン酸コバルト（Ⅱ）,2,,,,2,3,,3,,,,2,,,,,,,,,3,,,3,,
137-05-3,２－シアノアクリル酸メチル,0,,,,0,1,,1,,0,3,0,,3,,,,2,1,,0,,0,3,,
137-26-8,テトラメチルチウラムジスルフィド（別名チウラム）,3,,,,3,3,,3,,3,3,3,,3,,,,3,3,,3,,3,3,3,
137-30-4,ビス（Ｎ，Ｎ－ジメチルジチオカルバミン酸）亜鉛　(別名ジラム),3,,,,3,3,,3,,3,3,3,,3,,,,3,3,,3,,3,3,3,
137-42-8,メチルジチオカルバミド酸ナトリウム（別名メタムソジウム）,3,,,,3,3,,3,,3,3,3,,3,,,,3,3,,3,,3,3,3,
137-58-6,リドカイン,3,,,,3,3,,3,,3,3,3,,3,,,,3,3,,3,,3,3,3,
138-86-3,ジペンテン,1,,,,1,2,,3,,0,0,0,,3,,,,3,1,,2,,2,3,3,
139-07-1,ベンジル（ドデシル）ジメチルアンモニウム＝クロリド,3,,,,3,3,,3,,3,3,3,,3,,,,3,3,,3,,3,3,3,
139-08-2,ベンジル（ジメチル）（テトラデシル）アンモニウム＝クロリド,3,,,,3,3,,3,,3,3,3,,3,,,,3,3,,3,,3,3,3,
140-31-8,２－ピペラジン－１－イルエチルアミン,3,,,,3,3,,3,,0,3,2,,,,,,3,1,,2,,1,3,,3
140-66-9,４－（２，４，４－トリメチルペンタン－２－イル）フェノール,3,,,,3,3,,3,,3,3,3,,3,,,,3,3,,3,,3,3,3,
140-88-5,アクリル酸エチル,0,,,,0,1,,1,,0,2,0,,3,,,,2,0,,0,,0,3,3,3
141-32-2,アクリル酸ノルマル－ブチル,0,,,,0,1,,1,,0,3,0,,3,,1,,2,1,,0,,0,3,3,3
141-43-5,２－アミノエタノール,2,,,,2,3,,3,,2,3,2,,3,,3,,2,1,,2,,3,3,,3
141-66-2,りん酸ジメチル＝（Ｅ）－１－（Ｎ，Ｎ－ジメチルカルバモイル）－１－プロペン－２－イル（別名ジクロトホス）,0,,,,0,1,,1,,0,3,0,,,,,,3,1,,0,,0,3,,
141-75-3,ブチリル＝クロリド,0,,,,0,1,,1,,0,0,0,,2,,,,2,0,,0,,0,2,,
142-16-5,ビス（２－エチルヘキサン－１－イル）＝マレアート,1,,,,1,1,,,1,0,3,1,,0,,,,3,2,,1,,1,3,3,
142-28-9,１，３－ジクロロプロパン,0,,,,0,0,,,0,0,1,0,,3,,,,2,0,,0,,1,3,3,
142-59-6,二ナトリウム＝エタン－１，２－ジイルジカルバモジチオアート（別名ナバム）,3,,,,3,3,,3,,3,3,3,,3,,,,3,3,,3,,3,3,3,
142-62-1,ヘキサン酸,1,,,,1,2,,3,,1,3,2,,0,,,,3,2,,2,,2,3,,
142-83-6,２，４－ヘキサジエナール,0,,,,0,1,,1,,0,3,0,,2,,,,1,1,,0,,0,3,3,
142-84-7,ジノルマルプロピルアミン,1,,,,1,2,,2,,0,0,0,,2,,,,2,0,,1,,1,3,3,0
143-50-0,クロルデコン,3,,,,3,3,,3,,3,3,3,,3,,,,3,3,,3,,3,3,3,
144-49-0,フルオロ酢酸,0,,,,0,1,,1,,1,3,2,,0,,,,3,3,,1,,1,3,,
144-54-7,Ｎ－メチルジチオカルバミン酸 （別名メタム）,3,,,,3,3,,3,,3,3,3,,3,,,,3,3,,3,,3,3,3,
144-62-7,しゅう酸,3,,,,3,3,,3,,3,3,3,,3,,,,3,3,,3,,3,3,3,3
148-24-3,８－キノリノール,3,,,,3,3,,3,,3,3,3,,3,,,,3,3,,3,,3,3,3,
149-30-4,２－メルカプトベンゾチアゾール,3,,,,3,3,,3,,3,3,3,,3,,,,3,3,,3,,3,3,3,
149-57-5,２－エチルヘキサン酸,2,,,,2,3,,3,,1,3,2,,1,,,,3,3,,2,,3,3,,3
150-76-5,パラ－メトキシフェノール,3,,,,3,3,,3,,3,3,3,,3,,,,3,3,,3,,3,3,3,
151-21-3,ドデシル硫酸ナトリウム,3,,,,3,3,,3,,3,3,3,,3,,,,3,3,,3,,3,3,3,
156-43-4,ｐ－フェネチジン,0,,,,0,1,,1,,0,3,1,,3,,,,3,2,,1,,1,3,3,
156-62-7,カルシウムシアナミド,3,,,,3,3,,3,,3,3,3,,3,,,,3,3,,3,,3,3,3,
156-87-6,３－アミノ－１－プロパノール,2,,,,2,3,,3,,2,3,2,,3,,,,2,2,,3,,3,3,,
189-55-9,ジベンゾ［ａ，ｉ］ピレン,3,,,,3,3,,3,,3,3,3,,3,,,,3,3,,3,,3,3,3,
189-64-0,ジベンゾ［ａ，ｈ］ピレン,3,,,,3,3,,3,,3,3,3,,3,,,,3,3,,3,,3,3,3,
193-39-5,インデノ［１，２，３－ｃｄ］ピレン,3,,,,3,3,,3,,0,3,2,,3,,,,3,3,,3,,2,3,3,
205-82-3,ベンゾ［ｊ］フルオランテン,3,,,,3,3,,3,,0,3,2,,3,,,,3,3,,3,,2,3,3,
205-99-2,ベンゾ［ｅ］フルオラセン,3,,,,3,3,,3,,0,3,2,,3,,,,3,3,,3,,2,3,3,
207-08-9,ベンゾ［ｋ］フルオランテン,3,,,,3,3,,3,,0,3,2,,3,,,,3,3,,3,,2,3,3,
218-01-9,クリセン,3,,,,3,3,,3,,0,3,2,,3,,,,3,3,,3,,2,3,3,
288-32-4,イミダゾール,3,,,,3,3,,3,,3,3,3,,3,,,,3,3,,3,,3,3,3,
297-78-9,イソベンザン（テロドリン）,3,,,,3,3,,3,,2,3,3,,3,,,,3,3,,3,,3,3,3,
297-97-2,チオナジン,0,,,,0,0,,1,,0,2,0,,1,,,,1,0,,0,,0,3,,
298-00-0,ジメチル－パラ－ニトロフェニルチオホスフェイト（別名メチルパラチオン）,2,,,,2,3,,3,,1,3,2,,3,,,,3,3,,3,,3,3,,3
298-02-2,ジチオりん酸Ｏ，Ｏ－ジエチル－Ｓ－エチルチオメチル【ホレート】,0,,,,0,0,,1,,0,1,0,,,,,,1,0,,0,,0,3,,
298-04-4,ジチオリン酸Ｏ，Ｏ－ジエチル－Ｓ－（２－エチルチオエチル）（別名ジスルホトン）,0,,,,0,1,,1,,0,2,0,,,,,,3,0,,0,,0,3,,
298-07-7,りん酸水素ビス（２－エチルヘキシル）,1,,,,2,3,,3,,0,3,1,,,,,,3,1,,2,,3,3,3,
298-12-4,グリオキシル酸,3,,,,3,3,,3,,3,3,3,,3,,,,3,3,,3,,3,3,3,
300-76-5,りん酸１，２－ジブロモ－２，２－ジクロロエチル＝ジメチル,2,,,,2,3,,3,,1,3,2,,3,,,,3,3,,3,,3,3,3,3
301-04-2,酢酸鉛（Ⅱ）,,,,,,,,,,,,,,,,,,,,,,,,,,
302-01-2,ヒドラジン,1,,,,1,3,,3,,0,3,1,,0,,,,3,2,,2,,3,3,1,3
302-17-0,抱水クロラール,3,,,,3,3,,3,,3,3,3,,3,,,,3,3,,3,,3,3,3,
304-20-1,ヒドララジン塩酸塩,3,,,,3,3,,3,,3,3,3,,3,,,,3,3,,3,,3,3,3,
309-00-2,１，２，３，４，１０，１０－ヘキサクロロ－１，４，４ａ，５，８，８ａ－ヘキサヒドロ－エキソ－１，４－エンド－５，８－ジメタノナフタレン（別名アルドリン）,3,,,,3,3,,3,,3,3,3,,3,,,,3,3,,3,,3,3,3,
317-34-0,アミノフィリン,3,,,,3,3,,3,,3,3,3,,3,,,,3,3,,3,,3,3,3,
333-29-9,ジエチル－（１，３－ジチオシクロペンチリデン）－チオホスホルアミド,0,,,,1,2,,2,,0,2,1,,2,,,,3,1,,1,,2,3,,
333-41-5,チオリン酸Ｏ，Ｏ－ジエチル－Ｏ－（２－イソプロピル－６－メチル－４－ピリミジニル） (別名ダイアジノン),0,,,,0,1,,1,,0,3,1,,1,,,,2,1,,0,,1,3,,3
334-48-5,デカン酸,3,,,,3,3,,3,,2,3,3,,3,,,,3,3,,3,,3,3,3,
334-88-3,ジアゾメタン,,,,,,,,,,,,,,,,,,,,,,,,,,
335-67-1,ペルフルオロオクタン酸,3,,,,3,3,,3,,3,3,3,,3,,,,3,3,,3,,3,3,3,
351-05-3,モノフルオール酢酸パラブロムアニリド,3,,,,3,3,,3,,2,3,3,,3,,,,3,3,,3,,3,3,3,
381-73-7,ジフルオロ酢酸,0,,,,0,1,,1,,0,3,1,,0,,,,3,2,,0,,1,3,,
420-04-2,シアナミド,3,,,,3,3,,3,,3,3,3,,3,,,,3,3,,3,,3,3,,
431-03-8,ジアセチル,0,,,,0,0,,0,,0,3,0,,3,,,,2,0,,0,,0,3,3,
446-86-6,アザチオプリン,3,,,,3,3,,3,,3,3,3,,3,,,,3,3,,3,,3,3,3,
470-90-6,クロルフェンビンホス,0,,,,0,1,,1,,0,1,0,,2,,,,2,1,,0,,0,3,3,
479-45-8,テトリル,3,,,,3,3,,3,,3,3,3,,3,,,,3,3,,3,,3,3,3,
497-19-8,炭酸ナトリウム,3,,,,3,3,,3,,3,3,3,,3,,,,3,3,,3,,3,3,3,3
505-60-2,ビス（２－クロロエチル）スルフィド（別名マスタードガス）,,,,,,,,,,,,,,,,,,,,,,,,,,3
506-64-9,シアン化銀（Ⅰ）,3,,,,3,3,,3,,2,3,3,,3,,,,3,3,,3,,3,3,3,3
506-77-4,塩化シアン,,,,,,,,,,,,,,,,,,,,,,,,,,3
526-75-0,２，３－キシレノール （別名２，３－ジメチルフェノール）,3,,,,3,3,,3,,3,3,3,,3,,,,3,3,,3,,3,3,3,
528-29-0,ｏ－ジニトロベンゼン,3,,,,3,3,,3,,2,3,3,,3,,,,3,3,,3,,3,3,3,
532-27-4,オメガ－クロロアセトフェノン,3,,,,3,3,,3,,3,3,3,,3,,,,3,3,,3,,3,3,3,
534-52-1,４，６－ジニトロ－ｏ－クレゾール,3,,,,3,3,,3,,3,3,3,,3,,,,3,3,,3,,3,3,3,3
538-75-0,ジシクロヘキシルカルボジイミド,3,,,,3,3,,3,,,,,,,,,,,,,,,,,,
540-73-8,１，２－ジメチルヒドラジン,0,,,,0,0,,1,,0,3,0,,1,,,,3,0,,0,,0,2,,
541-41-3,クロロギ酸エチル,0,,,,0,0,,,,0,3,0,,3,,,,2,,0,0,,0,3,,3
541-69-5,ｍ－フェニレンジアミン二塩酸塩,3,,,,3,3,,3,,3,3,3,,3,,,,3,3,,3,,3,3,3,
542-75-6,１，３－ジクロロプロペン,0,,,,0,0,,0,,0,1,0,,3,,,,2,0,,0,,0,3,3,0
542-92-7,シクロペンタジエン,0,,,,0,0,,1,,0,0,0,,3,,,,3,0,,0,,1,3,3,
544-18-3,ギ酸コバルト（Ⅱ）,3,,,,3,3,,3,,3,3,3,,3,,,,3,3,,3,,3,3,3,
544-92-3,シアン化銅 （Ⅰ）,3,,,,3,3,,3,,3,3,3,,3,,,,3,3,,3,,3,3,3,
544-97-8,ジメチル亜鉛,,,,,,,,,,,,,,,,,,,,,,,,,,
552-30-7,１，２，４－ベンゼントリカルボン酸１，２－無水物,3,,,,3,3,,3,,3,3,3,,3,,,,3,3,,3,,3,3,3,
556-52-5,２，３－エポキシ－１－プロパノール,1,,,,1,2,,3,,0,3,2,,2,,,,3,2,,1,,2,3,,
556-61-6,イソチオシアン酸メチル,0,,,,0,0,,,0,0,0,0,,,,,,2,0,,0,,0,2,,
556-82-1,３－メチル－２－ブテン－１－オール,1,,,,1,2,,2,,0,3,1,,2,,,,3,1,,2,,2,3,,
558-13-4,テトラブロモメタン,3,,,,3,3,,3,,3,3,3,,3,,,,3,3,,3,,3,3,3,
558-25-8,メタンスルホン酸フルオリド,0,,,,0,0,,,0,0,1,0,,,,,,1,1,,0,,0,3,,
562-81-2,シアン化白金バリウム,,,,,,,,,,,,,,,,,,,,,,,,,,
563-12-2,ビス（ジチオりん酸）Ｓ，Ｓ’－メチレン－Ｏ，Ｏ，Ｏ’，Ｏ’－テトラエチル,0,,,,0,0,,,0,0,1,0,,,,,,1,0,,0,,0,3,,3
563-47-3,３－クロロ－２－メチルー１－プロペン,0,,,,0,1,,1,,0,1,0,,2,,,,2,0,,1,,0,3,3,0
569-64-2,Ｎ－［４－［［４－（ジメチルアミノ）フェニル］フェニルメチレン］－２，５－シクロヘキサジエン－１－イリデン］－Ｎ－メチルメタンアミニウム・クロリド (別名マラカイトグリーン),,,,,,,,,,,,,,,,,,,,,,,,,3,
576-26-1,２，６－キシレノール,3,,,,3,3,,3,,3,3,3,,3,,,,3,3,,3,,3,3,3,
582-25-2,安息香酸カリウム塩,3,,,,3,3,,3,,3,3,3,,3,,,,3,3,,3,,3,3,3,
583-60-8,２－メチルシクロヘキサノン,0,,,,0,1,,2,,0,3,0,,3,,,,2,1,,1,,1,3,3,
583-91-5,２－ヒドロキシ－４－メチルチオ酪酸,3,,,,3,3,,3,,3,3,3,,3,,,,3,3,,3,,3,3,,
584-79-2,アレスリン（１ＲＳ，ｃｉｓ， ｔｒａｎｓ－ 混合物）,0,,,,0,1,,,1,0,3,1,,2,,,,3,1,,1,,2,3,3,
591-27-5,ｍ－アミノフェノール,3,,,,3,3,,3,,3,3,3,,3,,,,3,3,,3,,3,3,3,
591-78-6,メチル－ノルマル－ブチルケトン,0,,,,0,0,,1,,0,1,0,,3,,,,1,0,,0,,1,3,3,
592-01-8,シアン化カルシウム,3,,,,3,3,,3,,3,3,3,,3,,,,3,3,,3,,3,3,3,
594-27-4,テトラメチルスズ,1,,,,2,3,,3,,0,0,0,,,,,,2,1,,1,,1,,,
594-42-3,トリクロロメチルスルフェニル＝クロリド,1,,,,1,3,,3,,,,,,,,,,,,,,,,,,
598-56-1,Ｎ，Ｎ－ジメチルエチルアミン,,0,,,1,2,,3,,0,0,0,,3,,,,2,0,,3,,1,3,,0
598-78-7,２－クロロプロピオン酸,0,,,,0,1,,1,,1,3,2,,0,,,,3,3,,1,,1,3,,
603-35-0,トリフェニルホスフィン,3,,,,3,3,,3,,3,3,3,,3,,,,3,3,,3,,3,3,3,
611-06-3,２，４－ジクロロ－１－ニトロベンゼン（別名１－クロロ－２－ニトロベンゼン）,3,,,,3,3,,3,,2,3,3,,3,,,,3,3,,3,,3,3,3,
614-45-9,ｔｅｒｔ－ブチルペルオキシベンゾアート,1,,,,2,3,,3,,0,3,2,,,,,,3,1,,2,,1,3,3,3
615-05-4,２，４－ジアミノアニソール,3,,,,3,3,,3,,3,3,3,,3,,,,3,3,,3,,3,3,3,
615-28-1,ｏ－フェニレンジアミン二塩酸塩,3,,,,3,3,,3,,3,3,3,,3,,,,3,3,,3,,3,3,3,
622-08-2,エチレングリコールモノベンジルエーテル,,0,,,1,2,,2,,0,3,1,,0,,,,3,1,,1,,2,3,3,
624-18-0,ｐ－フェニレンジアミン二塩酸塩,3,,,,3,3,,3,,3,3,3,,3,,,,3,3,,3,,3,3,3,
624-48-6,マレイン酸ジメチルエステル,0,,,,0,1,,1,,0,3,1,,0,,,,3,2,,0,,1,3,,3
624-83-9,イソシアン酸メチル,0,,,,0,0,,0,,0,0,0,,3,,,,0,0,,0,,0,3,,3
624-92-0,ジメチルジスルフィド,0,,,,0,1,,1,,0,1,0,,3,,,,2,0,,0,,0,3,3,0
625-45-6,メトキシ酢酸,0,,,,0,1,,1,,1,3,2,,0,,,,3,3,,1,,2,2,,
626-38-0,酢酸ｓｅｃ－ペンチル,0,,,,0,1,,,1,0,2,0,,3,,,,1,1,,1,,1,3,3,
626-67-5,１－メチルピペリジン,,0,,,1,2,,,2,0,2,0,,2,,,,2,1,,1,,1,3,3,
631-60-7,酢酸水銀（Ⅰ）,3,,,,3,3,,3,,3,3,3,,3,,,,3,3,,3,,3,3,3,
640-15-3,ジチオりん酸Ｓ－２－（エチルチオ）エチル－Ｏ，Ｏ－ジメチル,0,,,,0,0,,1,,0,1,0,,,,,,1,0,,0,,0,3,,
643-79-8,ｏ－フタルアルデヒド,3,,,,3,3,,3,,2,3,3,,3,,,,3,3,,3,,3,3,3,3
644-97-3,フェニルジクロロホスフィン,0,,,,0,1,,1,,0,0,0,,,,,,2,0,,0,,0,3,,
674-82-8,４－メチリデンオキセタン－２－オン,0,,,,0,0,,0,,0,2,0,,0,,,,0,0,,0,,0,3,3,
676-97-1,メチルホスホン酸ジクロリド,2,,,,2,3,,3,,1,3,2,,3,,,,3,3,,3,,3,3,,
680-31-9,ヘキサメチルホスホリックトリアミド,,0,,,1,2,,2,,1,3,1,,,,,,3,2,,1,,1,,,0
681-84-5,テトラメトキシシラン,1,,,,1,2,,2,,0,3,1,,,,,,3,1,,1,,1,3,,
683-18-1,ジブチルスズジクロリド,3,,,,3,3,,3,,2,3,3,,3,,,,3,3,,3,,3,3,3,
684-16-2,ヘキサフルオロアセトン,,,,,,,,,,,,,,,,,,,,,,,,,,
684-93-5,Ｎ－メチル－Ｎ－ニトロソ尿素,3,,,,3,3,,3,,3,3,3,,3,,,,3,3,,3,,3,3,3,
693-13-0,１，３－ジイソプロピルカルボジイミド,0,,,,1,1,,,1,,1,0,,,,,,2,0,,1,,,,,
700-13-0,２，３，５－トリメチルハイドロキノン,3,,,,3,3,,3,,3,3,3,,3,,,,3,3,,3,,3,3,3,
731-27-1,Ｎ－ジクロロフルオロメチルチオ－Ｎ’，Ｎ’－ジメチル－Ｎ－パラ－トリルスルファミド（別名トリルフルアニド）,3,,,,3,3,,3,,3,3,3,,3,,,,3,3,,3,,3,3,3,
760-67-8,２－エタン－１－イルヘキサノイル＝クロリド,1,,,,2,3,,3,,0,0,0,,2,,,,2,0,,0,,0,2,,
763-69-9,エチル＝３－エトキシプロパノアート,0,,,,0,1,,1,,0,3,0,,2,,,,3,1,,1,,0,3,3,0
764-41-0,１，４－ジクロロ－２－ブテン,0,,,,0,0,,0,,0,0,0,,3,,,,2,0,,0,,0,3,3,0
768-52-5,Ｎ－イソプロピルアニリン,0,,,,0,1,,1,,0,2,1,,3,,,,3,1,,1,,0,3,3,
770-35-4,１－フェノキシ－２－プロパノール,0,,,,1,1,,1,,0,3,1,,,,,,3,2,,1,,1,3,3,
786-19-6,カルボフェノチオン,0,,,,0,1,,1,,0,1,0,,,,,,1,0,,0,,0,3,,
793-24-8,Ｎ－（１，３－ジメチルブチル）－Ｎ’－フェニル－パラ－フェニレンジアミン,3,,,,3,3,,3,,3,3,3,,3,,,,3,3,,3,,3,3,3,
814-78-8,メチルイソプロペニルケトン,0,,,,0,0,,,0,0,0,0,,2,,,,2,0,,0,,1,3,3,
814-94-8,シュウ酸第一スズ,3,,,,3,3,,3,,3,3,3,,3,,,,3,3,,3,,3,3,3,
818-08-6,ジブチルスズオキサイド,3,,,,3,3,,3,,3,3,3,,3,,,,3,3,,3,,3,3,3,
818-61-1,アクリル酸２－ヒドロキシエチル,,0,,,1,2,,2,,0,3,2,,3,,,,3,1,,1,,2,3,,3
822-06-0,ヘキサメチレン＝ジイソシアネート （別名ヘキサン－１，６－ジイソシアネート）,0,,,,0,1,,,1,0,3,0,,3,,,,3,1,,1,,1,3,,3
826-36-8,２，２，６，６－テトラメチルピペリジン－４－オン,3,,,,3,3,,3,,3,3,3,,3,,,,3,3,,3,,3,3,3,
828-00-2,６－アセトキシ－２，４－ジメチル－１，３－ジオキサン,0,,,,0,0,,,0,0,1,0,,2,,,,,0,,0,,0,3,3,0
868-77-9,メタクリル酸 ２－ヒドロキシエチル,1,,,,1,2,,3,,0,3,2,,2,,,,3,3,,2,,2,3,,3
872-50-4,Ｎ－メチル－２－ ピロリドン【Ｎ－メチルピロリドン】,0,,,,0,1,,1,,0,3,0,,0,,2,,2,1,,0,,0,3,3,3
900-95-8,酢酸トリフェニルスズ,3,,,,3,3,,3,,3,3,3,,3,,,,3,3,,3,,3,3,3,
917-69-1,酢酸コバルト（Ⅲ）,3,,,,3,3,,3,,3,3,3,,3,,,,3,3,,3,,3,3,3,
919-30-2,ガンマ－アミノプロピルトリエトキシシラン,3,,,,3,3,,3,,0,3,2,,0,,,,3,2,,3,,2,3,,
923-26-2,２－ヒドロキシプロピルメタクリラート,2,,,,2,3,,3,,0,3,2,,2,,,,3,3,,2,,2,3,,
944-22-9,Ｏ－エチル－Ｓ－フェニル＝エチルホスホノチオロチオナート（別名ホノホス）,0,,,,0,0,,1,,0,1,0,,1,,,,1,0,,0,,0,3,,
999-61-1,アクリル酸２－ヒドロキシプロピル,0,,,,0,1,,,1,0,3,2,,3,,,,3,1,,1,,2,3,,
999-97-3,ヘキサメチル－ジシラザン,2,,,,2,3,,3,,0,3,1,,3,,,,3,1,,3,,2,3,,
1024-57-3,１，４，５，６，７，８，８－ヘプタクロロ－２，３－エポキシ－３ａ，４，７，７ａ－テトラヒドロ－４，７－メタノ－１Ｈ－インデン（別名ヘプタクロルエポキシド）,3,,,,3,3,,3,,3,3,3,,3,,,,3,3,,3,,3,3,3,
1071-83-6,Ｎ－（ホスホノメチル）グリシン （別名グリホサート）,3,,,,3,3,,3,,3,3,3,,3,,,,3,3,,3,,3,3,3,3
1071-93-8,アジピン酸ジヒドラジド,3,,,,3,3,,3,,3,3,3,,3,,,,3,3,,3,,3,3,3,
1072-52-2,２－（１－アジリジニル）エタノール,0,,,,1,2,,2,,0,3,1,,1,,,,3,1,,1,,1,3,,
1085-98-9,Ｎ－ジクロロフルオロメチルチオ－Ｎ’，Ｎ’－ジメチル－Ｎ－フェニルスルファミド（別名ジクロフルアニド）,3,,,,3,3,,3,,3,3,3,,3,,,,3,3,,3,,3,3,3,
1116-54-7,Ｎ－ニトロソジエタノールアミン,1,,,,1,2,,2,,0,3,0,,2,,,,3,1,,1,,1,3,,
1118-46-3,ブチルトリクロロスズ,0,,,,1,1,,2,,0,3,0,,3,,,,3,0,,1,,1,,,
1205-17-0,３－（１，３－ベンゾジオキソール－５－イル）－２－メチルプロパナール,,,,,,,,,,,,,,,,,,,,,,,,,3,
1300-73-8,キシリジン,0,,,,0,1,,1,,0,3,0,,3,,,,3,1,,1,,1,3,3,
1302-42-7,アルミン酸ナトリウム,3,,,,3,3,,3,,3,3,3,,3,,,,3,3,,3,,3,3,3,
1305-62-0,水酸化カルシウム,3,,,,3,3,,3,,3,3,3,,3,,3,,3,3,,3,,3,3,3,3
1305-78-8,生石灰（別名酸化カルシウム）,3,,,,3,3,,3,,3,3,3,,3,,,,3,3,,3,,3,3,3,
1305-79-9,過酸化カルシウム,3,,,,3,3,,3,,3,3,3,,3,,,,3,3,,3,,3,3,3,
1305-99-3,りん化石灰,3,,,,3,3,,3,,3,3,3,,3,,,,3,3,,3,,3,3,3,
1308-14-1,水酸化クロム水和物,3,,,,3,3,,3,,3,3,3,,3,,,,3,3,,3,,3,3,3,
1308-38-9,酸化クロム （Ⅲ）,3,,,,3,3,,3,,3,3,3,,3,,,,3,3,,3,,3,3,3,
1310-58-3,水酸化カリウム,3,,,,3,3,,3,,3,3,3,,3,,,,3,3,,3,,3,3,3,3
1310-65-2,水酸化リチウム,3,,,,3,3,,3,,3,3,3,,3,,,,3,3,,3,,3,3,3,3
1310-66-3,水酸化リチウム水和物,3,,,,3,3,,3,,3,3,3,,3,,,,3,3,,3,,3,3,3,
1310-73-2,水酸化ナトリウム,3,,,,3,3,,3,,3,3,3,,3,,,,3,3,,3,,3,3,3,0
1312-73-8,硫化カリウム,3,,,,3,3,,3,,3,3,3,,3,,,,3,3,,3,,3,3,3,
1313-60-6,過酸化ナトリウム,3,,,,3,3,,3,,3,3,3,,3,,,,3,3,,3,,3,3,3,
1313-82-2,硫化ナトリウム,3,,,,3,3,,3,,3,3,3,,0,,,,3,3,,3,,3,3,3,3
1313-99-1,酸化ニッケル,3,,,,3,3,,3,,3,3,3,,3,,,,3,3,,3,,3,3,3,
1314-06-3,酸化ニッケル（Ⅲ）,3,,,,3,3,,3,,3,3,3,,3,,,,3,3,,3,,3,3,3,
1314-23-4,酸化ジルコニウム,3,,,,3,3,,3,,3,3,3,,3,,,,3,3,,3,,3,3,3,
1314-56-3,五酸化りん,3,,,,3,3,,3,,3,3,3,,3,,,,3,3,,3,,3,3,3,
1317-38-0,酸化銅（Ⅱ）,3,,,,3,3,,3,,3,3,3,,3,,,,3,3,,3,,3,3,3,
1319-77-3,クレゾール,,0,,,1,2,,2,,0,3,2,,3,,,,3,2,,2,,2,3,,3
1321-64-8,ペンタクロロナフタレン,3,,,,3,3,,3,,2,3,3,,3,,,,3,3,,3,,3,3,3,
1321-65-9,トリクロロナフタレン,3,,,,3,3,,3,,2,3,3,,3,,,,3,3,,3,,3,3,3,
1321-74-0,ジビニルベンゼン,0,,,,0,1,,,1,0,0,0,,3,,0,,3,1,,0,,1,3,3,3
1330-20-7,キシレン,0,,,,0,1,,,1,0,1,0,,3,,0,,3,0,,1,,1,3,3,3
1330-78-5,りん酸トリトリル,2,,,,2,3,,3,,2,3,2,,3,,3,,3,3,,3,,3,3,3,3
1331-22-2,メチルシクロヘキサノン（異性体混合物）,0,,,,0,1,,2,,0,3,0,,3,,,,2,1,,1,,1,3,3,
1335-87-1,ヘキサクロロナフタレン,3,,,,3,3,,3,,3,3,3,,3,,,,3,3,,3,,3,3,3,
1338-23-4,エチルメチルケトンペルオキシド,1,,,,1,1,,2,,0,3,1,,2,,,,3,2,,1,,2,3,,0
1341-49-7,一水素二フッ化アンモニウム,3,,,,3,3,,3,,2,3,3,,3,,,,3,3,,3,,3,3,,3
1344-08-7,多硫化ナトリウム,3,,,,3,3,,3,,3,3,3,,3,,,,3,3,,3,,3,3,3,
1344-37-2,ピグメントイエロー３４,,,,,,,,,,,,,,,,,,,,,,,,,,
1402-68-2,アフラトキシン,3,,,,3,3,,3,,3,3,3,,3,,,,3,3,,3,,3,3,3,
1477-55-0,メタ－キシリレンジアミン,0,,,,0,0,,0,,0,3,2,,3,,,,3,1,,1,,1,3,3,3
1522-92-5,３－ブロモ－２，２－ビス（ブロモメチル）プロパン－１－オール,,,,,,,,,,,,,,,,,,,,,,,,,,
1569-02-4,プロピレングリコールエチルエーテル （別名１－エトキシ－２－プロパノール）,1,,,,1,2,,,2,0,3,2,,2,,,,3,2,,2,,1,3,3,0
1570-64-5,４－クロロ－２－メチルフェノール,3,,,,3,3,,3,,3,3,3,,3,,,,3,3,,3,,3,3,3,
1582-09-8,α，α，α－トリフルオロ－２，６－ジニトロ－Ｎ，Ｎ－ジプロピル－ｐ－トルイジン  (別名トリフルラリン）,3,,,,3,3,,3,,3,3,3,,3,,,,3,3,,3,,3,3,3,0
1600-27-7,酢酸水銀（Ⅱ）,3,,,,3,3,,3,,2,3,3,,3,,,,3,3,,3,,3,3,3,
1663-39-4,アクリル酸＝ターシャリ－ブチル,0,,,,0,1,,1,,0,3,0,,3,,,,2,1,,0,,0,3,3,
1675-54-3,ビスフェノールＡジグリシジルエーテル,3,,,,3,3,,3,,2,3,2,,3,,,,3,3,,3,,3,3,3,3
1761-71-3,ビス（４－アミノシクロヘキシル）メタン,3,,,,3,3,,3,,1,3,2,,3,,,,3,3,,3,,3,3,3,3
1763-23-1,ペルフルオロ（オクタン－１－スルホン酸）,0,,,,0,2,,2,,0,0,0,,0,,,,2,0,,0,,0,3,,
1789-58-8,ジクロロエチルシラン,,0,,,1,1,,2,,0,1,0,,3,,,,2,1,,1,,1,3,,
1836-75-5,２，４－ジクロロフェニル４－ニトロフェニル エーテル（別名ニトロフェン）,3,,,,3,3,,3,,3,3,3,,3,,,,3,3,,3,,3,3,3,
1861-40-1,Ｎ－ブチル－Ｎ－エチル－アルファ，アルファ，アルファ－トリフルオロ－２，６－ジニトロ－パラ－トルイジン（別名ベスロジン又はベンフルラリン）,3,,,,3,3,,3,,3,3,3,,3,,,,3,3,,3,,3,3,3,
1897-45-6,テトラクロロイソフタロニトリル (別名クロロタロニル),3,,,,3,3,,3,,3,3,3,,3,,,,3,3,,3,,3,3,3,
1910-42-5,１，１’－ジメチル－４，４’－ビピリジニウム＝ジクロリド（別名パラコートジクロリド）,3,,,,3,3,,3,,3,3,3,,3,,,,3,3,,3,,3,3,3,
1912-24-9,２－クロロ－４－エチルアミノ－６－イソプロピルアミノ－１，３，５－トリアジン（別名アトラジン）,3,,,,3,3,,3,,3,3,3,,3,,,,3,3,,3,,3,3,3,
1948-33-0,２－ターシャリ－ブチルヒドロキノン,3,,,,3,3,,3,,3,3,3,,3,,,,3,3,,3,,3,3,3,
2074-50-2,パラコートジメチルサルフェート,3,,,,3,3,,3,,3,3,3,,3,,,,3,3,,3,,3,3,3,
2104-64-5,Ｏ－エチル＝Ｏ－４－ニトロフェニル＝フェニルホスホノチオアート（別名EPN）,2,,,,2,3,,3,,2,3,2,,3,,,,3,3,,3,,3,3,,
2179-59-1,アリル－ノルマル－プロピルジスルフィド,0,,,,0,1,,1,,0,1,0,,3,,,,2,0,,0,,1,3,3,
2210-79-9,ｏ－クレジルグリシジルエーテル  (別名２，３－ｅｐｏｘｙｐｒｏｐｙｌ　ｏ－ｔｏｌｙｌ　ｅｔｈｅｒ）,0,,,,1,1,,1,,,3,2,,,,,,3,3,,0,,1,3,,
2234-13-1,オクタクロロナフタレン,3,,,,3,3,,3,,3,3,3,,3,,,,3,3,,3,,3,3,3,
2243-62-1,１，５－ジアミノナフタレン,3,,,,3,3,,3,,3,3,3,,3,,,,3,3,,3,,3,3,3,
2403-88-5,２，２，６，６－テトラメチルピペリジン－４－オール,3,,,,3,3,,3,,3,3,3,,3,,,,3,3,,3,,3,3,3,
2425-06-1,Ｎ－（１，１，２，２－テトラクロロエチルチオ）－１，２，３，６－テトラヒドロフタルイミド【キャプタフォル】,3,,,,3,3,,3,,3,3,3,,3,,,,3,3,,3,,3,3,,
2425-79-8,１，４－ブタンジオールジグリシジルエーテル,3,,,,3,3,,3,,0,3,0,,3,,,,3,1,,2,,2,3,,3
2426-08-6,ノルマル-ブチル＝２，３－エポキシプロピルエーテル,0,,,,0,1,,1,,0,2,0,,3,,,,2,1,,1,,1,3,3,
2431-50-7,２，３，４－トリクロロ－１－ブテン,0,,,,0,0,,0,,0,0,0,,3,,,,2,0,,0,,0,1,3,
2439-01-2,６－メチル－１，３－ジチオロ［４，５－ｂ］キノキサリン－２－オン,3,,,,3,3,,3,,3,3,3,,3,,,,3,3,,3,,3,3,,
2439-10-3,１－ドデシルグアニジニウム＝アセタート（別名ドジン）,3,,,,3,3,,3,,3,3,3,,3,,,,3,3,,3,,3,3,,
2439-35-2,アクリル酸２－（ジメチルアミノ）エチル,0,,,,1,1,,2,,0,3,0,,3,,,,2,1,,1,,0,3,,
2451-62-9,１，３，５－トリス（２，３－エポキシプロピル）－１，３，５－トリアジン－２，４，６（１Ｈ，３Ｈ，５Ｈ）－トリオン（別名トリグリシジルイソシアヌレート）,3,,,,3,3,,3,,3,3,3,,3,,,,3,3,,3,,3,3,3,
2475-45-8,１，４，７，８－テトラアミノアントラキノン（別名ジスパースブルー１）,3,,,,3,3,,3,,3,3,3,,3,,,,3,3,,3,,3,3,3,
2524-03-0,クロロチオホスホン酸＝Ｏ，Ｏ －ジメチル,0,,,,0,0,,0,,0,3,0,,0,,,,,0,,0,,0,,,
2524-04-1,ジエチルチオリン酸クロリド,0,,,,0,0,,0,,0,3,0,,0,,,,,0,,0,,0,,,
2528-36-1,りん酸ジ－ノルマル－ブチル＝フェニル,,0,,,1,1,,2,,0,2,0,,,,,,2,1,,1,,0,3,3,
2530-83-8,２－｛［３－（トリメトキシシリル）プロポキシ］メチル｝オキシラン,2,,,,2,3,,3,,,3,2,,,,,,3,2,,2,,2,3,,
2579-20-6,１，３－ビス（アミノメチル）シクロヘキサン,0,,,,1,1,,2,,0,3,1,,0,,,,3,2,,2,,1,3,3,
2581-34-2,４－ニトロ－メタ－クレゾール,3,,,,3,3,,3,,3,3,3,,3,,,,3,3,,3,,3,3,3,
2593-15-9,５－エトキシ－３－トリクロロメチル－１，２，４－チアジアゾール,,,,,,,,,,,,,,,,,,,,,,,,,,
2634-33-5,１，２－ベンゾチアゾリン－３－オン,3,,,,3,3,,3,,3,3,3,,3,,,,3,3,,3,,3,3,3,
2698-41-1,２－クロロベンジリデンマロノニトリル,3,,,,3,3,,3,,3,3,3,,3,,,,3,3,,3,,3,3,3,
2768-02-7,ビニルトリメトキシシラン,,,,,,,,,,,,,,,,,,,,,,,,,,
2797-51-5,２－アミノ－３－クロロ－１，４－ナフトキノン（別名キノクラミン（ＡＣＮ））,3,,,,3,3,,3,,3,3,3,,3,,,,3,3,,3,,3,3,3,
2807-30-9,２－プロポキシエタノール,1,,,,1,2,,3,,1,3,1,,2,,,,3,2,,1,,1,3,,3
2809-21-4,１－ヒドロキシエタン－１，１－ジイルビス（ホスホン酸）,3,,,,3,3,,3,,3,3,3,,3,,,,3,3,,3,,3,3,3,
2832-40-8,Ｎ－［４－［（２－ヒドロキシ－５－メチルフェニル）アゾ］フェニル］アセトアミド（別名ＣＩソルベントイエロー７７、ＣＩディスパースイエロー３）,3,,,,3,3,,3,,3,3,3,,3,,,,3,3,,3,,3,3,3,
2835-95-2,２－メチル－５－アミノフェノール,3,,,,3,3,,3,,3,3,3,,3,,,,3,3,,3,,3,3,3,
2855-13-2,イソホロンジアミン,1,,,,2,3,,3,,0,3,0,,3,,,,3,0,,3,,3,3,3,3
2867-47-2,２－（ジメチルアミノ）エチル＝メタクリラート,1,,,,1,2,,2,,0,3,1,,3,,,,2,1,,1,,0,3,3,
2921-88-2,チオりん酸Ｏ，Ｏ－ジエチル－Ｏ－（３，５，６－トリクロロ－２－ピリジル）（別名クロルピリホス）,2,,,,2,3,,3,,1,3,2,,3,,,,3,3,,3,,3,3,,3
3033-62-3,ビス（２－ジメチルアミノエチル）エーテル,1,,,,1,2,,3,,0,3,1,,3,,,,2,1,,1,,0,3,3,
3173-72-6,１，５－ナフタレン ジイソシアネート,3,,,,3,3,,3,,3,3,3,,3,,,,3,3,,3,,3,3,3,
3228-02-2,４－イソプロピル－３－メチルフェノール,3,,,,3,3,,3,,3,3,3,,3,,,,3,3,,3,,3,3,3,
3268-49-3,３－メチルチオプロパナール,0,,,,0,1,,1,,0,3,0,,0,,,,2,1,,0,,0,3,3,3
3282-30-2,２，２－ジメチルプロパノイルクロライド,0,,,,0,1,,1,,0,0,0,,1,,,,1,0,,0,,0,2,,
3333-52-6,テトラメチルコハク酸ニトリル,3,,,,3,3,,3,,3,3,3,,3,,,,3,3,,3,,3,3,3,
3347-22-6,２，３－ジシアノ－１，４－ジチアアントラキノン （別名ジチアノン）,3,,,,3,3,,3,,3,3,3,,3,,,,3,3,,3,,3,3,3,
3383-96-8,テメホス,3,,,,3,3,,3,,2,3,3,,3,,,,3,3,,3,,3,3,3,
3524-68-3,ペンタエリスリトールトリアクリレート,1,,,,2,3,,3,,0,3,2,,3,,,,3,1,,2,,2,3,,
3689-24-5,オキシビス（チオホスホン酸）Ｏ，Ｏ，Ｏ’，Ｏ’－テトラエチル【スルホテップ】,0,,,,0,1,,1,,0,1,0,,,,,,1,0,,0,,0,3,,
3766-81-2,２－ｓ－ブチルフェニルＮ－メチルカーバメート,3,,,,3,3,,3,,2,3,3,,3,,,,3,3,,3,,3,3,3,
3811-73-2,ナトリウム＝１－オキソ－１λ（５）－ピリジン－２－チオラート,3,,,,3,3,,3,,3,3,3,,3,,,,3,3,,3,,3,3,3,
3825-26-1,ペンタデカフルオロオクタン酸アンモニウム,3,,,,3,3,,3,,3,3,3,,3,,,,3,3,,3,,3,3,3,
3861-47-0,３，５－ジヨード－４－オクタノイルオキシベンゾニトリル,3,,,,3,3,,3,,3,3,3,,3,,,,3,3,,3,,3,3,3,
4074-88-8,２，２’－オキシジエチル ジアクリラート；ジエチレングリコール ジアクリラート,1,,,,1,2,,2,,0,3,0,,3,,,,,0,,1,,,3,3,
4098-71-9,３－イソシアナトメチル－３，５，５－トリメチルシクロヘキシル＝イソシアネート,1,,,,1,2,,3,,1,3,1,,3,,,,3,2,,3,,3,3,,3
4109-96-0,ジクロロシラン（二塩化シラン）,0,,,,1,1,,,1,0,0,0,,3,,,,2,0,,1,,1,3,,3
4170-30-3,２－ブテナール（別名クロトンアルデヒド（（Ｅ）－２－ブテナールと（Ｚ）－２－ブテナールの異性体混合物））,0,,,,0,0,,1,,0,2,0,,0,,,,2,1,,0,,0,3,3,3
4253-34-3,メチルシラントリイル＝トリアセタート,1,,,,1,3,,3,,1,3,1,,3,,,,3,3,,2,,3,3,,
4685-14-7,１，１’－ジメチル－４，４’－ビピリジニウム（別名パラコート）,3,,,,3,3,,3,,3,3,3,,3,,,,3,3,,3,,3,3,3,
4719-04-4,２－［３，５－ビス（２－ヒドロキシエチル）－１，３，５－トリアジナン－１－イル］エタノール；１，３，５－トリアジン－１，３，５（２Ｈ，４Ｈ，６Ｈ）－トリエタノール,3,,,,3,3,,3,,2,3,2,,3,,,,3,3,,3,,3,3,,
5124-30-1,メチレンビス（４，１－シクロヘキシレン）＝ジイソシアネート（再分類）,2,,,,2,3,,3,,0,3,1,,3,,,,3,2,,3,,1,3,,3
5216-25-1,ｐ－（トリクロロメチル）クロロベンゼン（別名ｐ－クロロベンゾトリクロリド）,0,,,,0,0,,1,,0,0,0,,3,,,,2,0,,0,,0,3,3,3
5332-73-0,３－メトキシプロピルアミン,0,,,,0,1,,,1,0,3,0,,1,,,,3,0,,1,,0,3,,
5392-40-5,３，７－ジメチル－２，６－オクタジエナール（別名シトラール）,0,,,,0,1,,1,,0,3,0,,1,,,,2,1,,0,,0,3,3,
5421-46-5,チオグリコール酸アンモニウム,,,,,,,,,,,,,,,,,,,,,,,,,,
5470-11-1,塩酸ヒドロキシルアミン,3,,,,3,3,,3,,3,3,3,,3,,,,3,3,,3,,3,3,,
5810-88-8,ジ（２－エチルヘキシル）ジチオホスフェート,0,,,,1,1,,,1,,2,,,,,,,3,,,1,,,3,,
5827-05-4,アフィダン,0,,,,0,1,,1,,0,1,0,,,,,,1,0,,0,,0,3,,
5873-54-1,２，４’－ジフェニルメタンジイソシアネート,2,,,,3,3,,3,,3,3,2,,3,,,,3,3,,3,,3,3,3,
5989-27-5,（４Ｒ）－パラ－メンタ－１，８－ジエン（別名ｄ－リモネン）,1,,,,1,2,,3,,0,0,0,,3,,1,,3,1,,2,,2,3,3,3
6147-53-1,酢酸コバルト（Ⅱ）・四水和物,3,,,,3,3,,3,,3,3,3,,3,,,,3,3,,3,,3,3,3,
6259-76-3,ヘキシル＝２－ヒドロキシベンゾアート（別名：サリチル酸ヘキシル）,,,,,,,,,,,,,,,,,,,,,,,,,,
6317-18-6,メチレンビスチオシアネート,3,,,,3,3,,3,,3,3,3,,3,,,,3,3,,3,,3,3,3,
6423-43-4,二硝酸プロピレン,0,,,,0,0,,0,,0,0,0,,3,,,,1,0,,0,,0,3,3,
6449-00-9,炭酸クロム,3,,,,3,3,,3,,2,3,3,,3,,,,3,3,,3,,3,3,3,
6485-40-1,Ｌ－カルボン,,0,,,1,1,,2,,0,3,0,,3,,,,3,1,,1,,2,3,3,
6834-92-0,ジナトリウム ジオキシド（オキソ）シラン；メタけい酸ナトリウム,3,,,,3,3,,3,,3,3,3,,3,,,,3,3,,3,,3,3,3,
6864-37-5,４，４’－メチレンビス（２－メチルシクロヘキサンアミン）,1,,,,2,3,,3,,0,3,2,,3,,,,3,2,,3,,3,3,3,
6923-22-4,りん酸ジメチル＝（Ｅ）－１－メチル－２－（Ｎ－メチルカルバモイル）ビニル,3,,,,3,3,,3,,3,3,3,,3,,,,3,3,,3,,3,3,3,
7173-51-5,ジデシルジメチルアンモニウムクロリド,3,,,,3,3,,3,,3,3,3,,3,,,,3,3,,3,,3,3,3,
7439-93-2,金属「リチウム」,3,,,,3,3,,3,,3,3,3,,3,,,,3,3,,3,,3,3,3,
7440-02-0,ニッケル,3,,,,3,3,,3,,3,3,3,,3,,,,3,3,,3,,3,3,3,
7440-06-4,白金,3,,,,3,3,,3,,3,3,3,,3,,,,3,3,,3,,3,3,3,
7440-09-7,金属「カリウム」,3,,,,3,3,,3,,3,3,3,,3,,,,,3,,3,,3,3,3,
7440-16-6,ロジウム,3,,,,3,3,,3,,3,3,3,,3,,,,3,3,,3,,3,3,3,
7440-22-4,銀,3,,,,3,3,,3,,3,3,3,,3,,,,3,3,,3,,3,3,3,
7440-23-5,金属「ナトリウム」,3,,,,3,3,,3,,3,3,3,,3,,,,3,3,,3,,3,3,3,
7440-28-0,タリウム及びその化合物,3,,,,3,3,,3,,3,3,3,,3,,,,3,3,,3,,3,3,3,
7440-47-3,金属クロム,3,,,,3,3,,3,,3,3,3,,3,,,,3,3,,3,,3,3,3,
7440-50-8,銅,3,,,,3,3,,3,,3,3,3,,3,,,,3,3,,3,,3,3,3,
7440-61-1,ウラン,3,,,,3,3,,3,,2,3,3,,3,,,,3,3,,3,,3,3,3,
7440-70-2,カルシウム,3,,,,3,3,,3,,3,3,3,,3,,,,3,3,,3,,3,3,3,
7446-19-7,硫酸亜鉛一水和物,3,,,,3,3,,3,,3,3,3,,3,,,,3,3,,3,,3,3,3,
7446-20-0,硫酸亜鉛七水和物,3,,,,3,3,,3,,3,3,3,,3,,,,3,3,,3,,3,3,3,
7446-70-0,塩化アルミニウム,3,,,,3,3,,3,,3,3,3,,3,,3,,3,3,,3,,3,3,3,
7447-39-4,塩化銅（Ⅱ）,3,,,,3,3,,3,,3,3,3,,3,,,,3,3,,3,,3,3,3,
7488-55-3,硫酸第一スズ,3,,,,3,3,,3,,3,3,3,,3,,,,3,3,,3,,3,3,3,
7553-56-2,沃素,3,,,,3,3,,3,,3,3,3,,3,,,,3,3,,3,,3,3,,0
7580-67-8,水素化リチウム,,,,,,,,,,,3,,,,,,,3,,,,,,,,
7601-54-9,リン酸三ナトリウム,3,,,,3,3,,3,,3,3,3,,3,,,,3,3,,3,,3,3,3,
7601-90-3,過塩素酸,0,,,,1,2,,2,,1,3,1,,0,,,,3,3,,1,,2,3,3,3
7632-04-4,過ホウ酸ナトリウム,3,,,,3,3,,3,,3,3,3,,3,,,,3,3,,3,,3,3,,
7632-51-1,塩化バナジウム（Ⅳ）,3,,,,3,3,,3,,0,3,1,,3,,,,3,1,,3,,3,3,3,3
7637-07-2,三フッ化ほう素,0,,,,0,0,,0,,0,1,0,,0,,,,3,0,,0,,0,0,,3
7646-69-7,水素化ナトリウム,3,,,,3,3,,3,,3,3,3,,3,,,,3,3,,3,,3,3,3,
7646-78-8,塩化第ニスズ,2,,,,2,3,,3,,0,3,1,,3,,,,3,1,,3,,1,3,3,
7646-85-7,塩化亜鉛,3,,,,3,3,,3,,3,3,3,,3,,,,3,3,,3,,3,3,3,
7646-93-7,硫酸水素カリウム,3,,,,3,3,,3,,3,3,3,,3,,,,3,3,,3,,3,3,3,
7647-18-9,塩化アンチモン（Ⅴ）,1,,,,2,3,,3,,2,1,2,,,,,,1,3,,2,,1,,,3
7659-86-1,チオグリコール酸 ２－エチルヘキシル,1,,,,1,2,,3,,,3,1,,,,,,3,2,,1,,2,,,
7664-38-2,りん酸,3,,,,3,3,,3,,3,3,3,,3,,,,3,3,,3,,3,3,3,3
7681-49-4,フッ化ナトリウム,3,,,,3,3,,3,,3,3,3,,3,,,,3,3,,3,,3,3,3,3
7681-52-9,次亜塩素酸ナトリウム（有効塩素濃度：６～１５％の水溶液）,3,,,,3,3,,3,,2,3,3,,3,3,,,3,3,,3,,3,3,3,3
7681-57-4,二亜硫酸ナトリウム,3,,,,3,3,,3,,3,3,3,,3,,,,3,3,,3,,3,3,3,3
7705-07-9,三塩化チタン,3,,,,3,3,,3,,3,3,3,,3,,,,3,3,,3,,3,3,,
7705-08-0,塩化鉄（Ⅲ）,3,,,,3,3,,3,,3,3,3,,3,,,,3,3,,3,,3,3,3,3
7718-54-9,塩化ニッケル,3,,,,3,3,,3,,3,3,3,,3,,,,3,3,,3,,3,3,3,
7718-98-1,三塩化バナジウム,3,,,,3,3,,3,,3,3,3,,3,,,,3,3,,3,,3,3,3,
7719-09-7,塩化チオニル,0,,,,0,0,,0,,0,2,0,,2,,,,2,0,,0,,0,2,,3
7719-12-2,三塩化りん,0,,,,0,1,,1,,0,0,0,,,,,,2,0,,0,,0,3,,3
7722-84-1,過酸化水素,,,,,,,,,,,,,,,,,,,,,,,,,,3
7722-84-1,過酸化水素（35%）,,0,,,3,3,,3,,3,3,3,,0,,,,3,3,,2,,3,3,,3
7722-84-1,過酸化水素（50%）,,0,,,3,3,,3,,3,3,2,,0,,,,3,3,,2,,2,3,,3
7726-95-6,臭素,0,,,,0,0,,,0,0,0,0,,1,,,,2,0,,0,,0,1,,3
7727-18-6,オキシ三塩化バナジウム,,,,,,,,,,,,,,,,,,,,,,,,,,
7727-21-1,ペルオキソ二硫酸カリウム,3,,,,3,3,,3,,3,3,3,,3,,,,3,3,,3,,3,3,3,
7727-54-0,ペルオキソ二硫酸アンモニウム,3,,,,3,3,,3,,3,3,3,,3,,,,3,3,,3,,3,3,3,
7733-02-0,硫酸亜鉛,3,,,,3,3,,3,,3,3,3,,3,,,,3,3,,3,,3,3,3,
7758-89-6,塩化第一銅,3,,,,3,3,,3,,3,3,3,,3,,,,3,3,,3,,3,3,3,
7758-95-4,塩化鉛（Ⅱ）,3,,,,3,3,,3,,3,3,3,,3,,,,3,3,,3,,3,3,3,
7758-98-7,硫酸銅（Ⅱ）・無水物,3,,,,3,3,,3,,3,3,3,,0,,,,3,3,,3,,3,3,3,3
7758-99-8,硫酸銅（Ⅱ）・五水和物,3,,,,3,3,,3,,3,3,3,,3,,,,3,3,,3,,3,3,3,
7761-88-8,硝酸銀（Ⅰ）,3,,,,3,3,,3,,2,3,3,,3,,,,3,3,,3,,3,3,3,
7775-27-1,ペルオキシ二硫酸二ナトリウム／ペルオキソ二硫酸ナトリウム,3,,,,3,3,,3,,3,3,3,,3,,,,3,3,,3,,3,3,3,
7778-53-2,リン酸三カリウム,3,,,,3,3,,3,,3,3,3,,3,,,,3,3,,3,,3,3,3,
7778-54-3,次亜塩素酸カルシウム,3,,,,3,3,,3,,3,3,3,,3,,,,3,3,,3,,3,3,3,
7778-66-7,次亜塩素酸カリウム,3,,,,3,3,,3,,3,3,3,,0,,,,3,3,,3,,3,3,3,
7783-00-8,亜セレン酸,3,,,,3,3,,3,,3,3,3,,3,,,,3,3,,3,,3,3,3,
7783-60-0,四フッ化イオウ,,,,,,,,,,,,,,,,,,,,,,,,,,
7783-79-1,フッ化セレン（Ⅵ）,,,,,,,,,,,,,,,,,,,,,,,,,,
7786-34-7,りん酸ジメチル＝１－メトキシカルボニル－１－プロペン－２－イル（別名メビンホス）,0,,,,0,0,,1,,0,3,0,,2,,,,2,1,,0,,0,3,,
7786-81-4,硫酸ニッケル,3,,,,3,3,,3,,3,3,3,,3,,,,3,3,,3,,3,3,3,
7789-21-1,フルオロスルホン酸,0,,,,0,0,,0,,0,1,0,,,,,,1,1,,0,,0,3,,3
7789-30-2,五弗化臭素,,,,,,,,,,,,,,,,,,,,,,,,,,
7790-91-2,三弗化塩素,0,,,,0,0,,0,,0,0,0,,0,,,,0,0,,0,,0,0,,
7790-94-5,クロルスルホン酸,0,,,,0,0,,0,,0,1,0,,,,,,1,1,,0,,0,3,,3
7791-08-4,次亜塩素酸アンチモン,3,,,,3,3,,3,,3,3,3,,3,,,,3,3,,3,,3,3,,
7791-20-0,塩化ニッケル六水和物,3,,,,3,3,,3,,3,3,3,,3,,,,3,3,,3,,3,3,3,
7791-25-5,スルフリルクロライド,2,,,,2,3,,,0,0,0,,0,,,,,0,0,,3,,1,3,,3
7803-49-8,ヒドロキシルアミン（50%）,3,,,,3,3,,3,,3,3,3,,0,,,,3,3,,3,,3,3,,
7803-57-8,ヒドラジン一水和物,1,,,,1,3,,3,,1,3,2,,0,,,,3,3,,2,,3,3,,3
8001-35-2,塩素化カンフェン（別名トキサフェン）,3,,,,3,3,,3,,3,3,3,,3,,,,3,3,,3,,3,3,3,
8001-54-5,塩化ベンザルコニウム,1,,,,2,3,,3,,0,3,2,,3,,,,3,3,,2,,3,3,3,
8001-58-9,クレオソート油,3,,,,3,3,,3,,0,1,,,3,,,,3,1,,3,,1,3,3,
8003-34-7,ピレトラム,,,,0,1,2,,2,,0,0,0,,3,,,,3,1,,1,,2,3,3,
8006-64-2,テレピン油,1,,,,1,3,,3,,0,0,0,,3,,,,3,1,,2,,2,3,3,3
8008-20-6,灯油,1,,,,1,2,,,2,0,0,1,,3,,,,3,1,,2,,2,3,3,3
8014-95-7,発煙硫酸,0,,,,0,1,,,1,2,2,,1,0,,,,3,2,,1,,2,3,,3
8022-00-2,ジメチルエチルメルカプトエチルチオホスフェイト【メチルジメトン】,0,,,,0,0,,1,,0,2,0,,,,,,1,0,,0,,0,3,,
8050-09-7,ロジン,3,,,,3,3,,3,,3,3,3,,3,,,,3,3,,3,,3,3,3,
8052-42-4,アスファルト （ストレートアスファルト）,3,,,,3,3,,3,,2,3,3,,3,,,,3,3,,3,,3,3,3,
8065-48-3,チオりん酸Ｏ，Ｏ－ジエチル－エチルチオエチル（別名ジメトン）,0,,,,0,0,,1,,0,2,0,,,,,,1,0,,0,,0,3,,
9002-07-7,トリプシン,3,,,,3,3,,3,,3,3,3,,3,,,,3,3,,3,,3,3,3,
9004-07-3,キモトリプシン,3,,,,3,3,,3,,3,3,3,,3,,,,3,3,,3,,3,3,,
9014-01-1,サチライシン,3,,,,3,3,,3,,3,3,3,,3,,,,3,3,,3,,3,3,,
9016-87-9,α－（イソシアナトベンジル）－ω－（イソシアナトフェニル）ポリ［（イソシアナトフェニレン）メチレン］,2,,,,3,3,,3,,2,3,2,,3,,,,3,3,,3,,3,3,,3
10025-67-9,一塩化硫黄,0,,,,1,2,,2,,0,0,0,,2,,,,1,0,,1,,1,0,,3
10025-73-7,塩化第二クロム,3,,,,3,3,,3,,3,3,3,,3,,,,3,3,,3,,3,3,3,
10025-78-2,トリクロロシラン,0,,,,0,1,,1,,0,0,0,,3,,,,2,0,,1,,1,3,,3
10025-87-3,塩化ホスホリル,0,,,,0,0,,0,,0,2,0,,0,,,,1,0,,0,,0,3,,3
10026-04-7,テトラクロロシラン,3,,,,3,3,,3,,0,0,0,,3,,,,1,0,,2,,2,3,,3
10026-13-8,五塩化りん,3,,,,3,3,,3,,3,3,3,,3,,,,3,3,,3,,3,3,,3
10031-43-3,硝酸銅（Ⅱ）・三水和物,3,,,,3,3,,3,,3,3,3,,3,,,,3,3,,3,,3,3,3,
10034-85-2,ヨウ化水素,,,,,,,,,,,,,,,,,,,,,,,,,,3
10034-93-2,硫酸ヒドラジン,3,,,,3,3,,3,,3,3,3,,3,,,,3,3,,3,,3,3,3,
10035-10-6,臭化水素,0,,,,0,1,,1,,,3,1,,,,,,3,2,,1,,1,3,,3
10039-54-0,硫酸ビス（ヒドロキシルアンモニウム）,3,,,,3,3,,3,,3,3,3,,3,,,,3,3,,3,,3,3,3,
10043-52-4,塩化カルシウム,3,,,,3,3,,3,,3,3,3,,3,,,,3,3,,3,,3,3,3,3
10060-12-5,塩化クロム（Ⅲ）・六水和物,3,,,,3,3,,3,,3,3,3,,3,,,,3,3,,3,,3,3,3,
10101-53-8,硫酸クロム（Ⅲ）,3,,,,3,3,,3,,3,3,3,,3,,,,3,3,,3,,3,3,3,
10101-97-0,硫酸ニッケル六水和物,3,,,,3,3,,3,,3,3,3,,3,,,,3,3,,3,,3,3,3,
10102-45-1,硝酸タリウム（Ⅰ）,3,,,,3,3,,3,,3,3,3,,3,,,,3,3,,3,,3,3,3,
10213-79-3,ケイ酸ジナトリウム 五水和物,3,,,,3,3,,3,,3,3,3,,3,,,,3,3,,3,,3,3,3,
10222-01-2,２，２－ジブロモ－２－シアノアセトアミド【２，２－ジブロモ－３－ニトリロプロピオンアミド】,3,,,,3,3,,3,,2,3,3,,3,,,,3,3,,3,,3,3,3,
10233-03-1,次亜塩素酸マグネシウム,3,,,,3,3,,3,,3,3,3,,3,,,,3,3,,3,,3,3,3,
10294-33-4,三臭化ほう素,0,,,,0,0,,0,,0,0,0,,,,,,1,1,,0,,0,,,
10294-34-5,三塩化ホウ素,0,,,,0,0,,0,,0,0,0,,0,,,,1,0,,0,,0,0,,3
10332-33-9,過ホウ酸ナトリウム一水和物,3,,,,3,3,,3,,3,3,3,,3,,,,3,3,,3,,3,3,3,
10380-28-6,ビス（８－キノリノラト）銅 （別名オキシン銅）,3,,,,3,3,,3,,3,3,3,,3,,,,3,3,,3,,3,3,3,
10486-00-7,過ホウ酸ナトリウム四水和物,3,,,,3,3,,3,,3,3,3,,3,,,,3,3,,3,,3,3,3,
10544-72-6,四酸化二窒素,,,,,,,,,,,,,,,,,,,,,,,,,,3
10545-99-0,二塩化硫黄,,,,,,,,,,,,,,,,,,,,,,,,,,3
10584-98-2,ジブチルスズビス（２－エチルヘキシルチオグリコレート）,,1,,,2,3,,3,,,2,2,,,,,,3,2,,2,,2,,3,
10605-21-7,メチル＝ベンゾイミダゾール－２－イルカルバメート（別名カルベンダジム）,,,,,,,,,,,,,,,,,,,,,,,,,,
11070-44-3,テトラヒドロメチル無水フタル酸,2,,,,2,3,,3,,0,3,0,,3,,,,3,1,,2,,1,3,3,
11135-81-2,カリウムナトリウム合金,,,,,,,,,,,3,,,,,,,3,,,,,,,,
11138-47-9,過ホウ酸のナトリウム塩,,,,,,,,,,,,,,,,,,,,,,,,,3,
12035-36-8,酸化ニッケル（Ⅳ）,3,,,,3,3,,3,,2,3,3,,3,,,,3,3,,3,,3,3,3,
12035-72-2,亜硫化ニッケル（別名二硫化三ニッケル）,3,,,,3,3,,3,,2,3,3,,3,,,,3,3,,3,,3,3,3,
12040-72-1,（過ホウ酸のナトリウム塩）水和物（ナトリウム数不定の一水和物）,,,,,,,,,,,,,,,,,,,,,,,,,3,
12054-48-7,水酸化ニッケル（Ⅱ）,3,,,,3,3,,3,,3,3,3,,3,,,,3,3,,3,,3,3,3,
12062-24-7,六フッ化ケイ酸銅（Ⅱ）（別名ケイフッ化銅）,3,,,,3,3,,3,,3,3,3,,3,,,,3,3,,3,,3,3,3,
12122-67-7,Ｎ，Ｎ’－エチレンビス（ジチオカルバミン酸）亜鉛（別名ジネブ）,3,,,,3,3,,3,,2,3,3,,3,,,,3,3,,3,,3,3,3,
12185-10-3,黄りん,3,,,,3,3,,3,,3,3,3,,3,,,,3,3,,3,,3,3,3,
12230-71-6,水酸化バリウム八水和物,3,,,,3,3,,3,,3,3,3,,3,,,,3,3,,3,,3,3,3,
12427-38-2,Ｎ，Ｎ’－エチレンビス（ジチオカルバミン酸）マンガン（別名マンネブ）,3,,,,3,3,,3,,2,3,3,,3,,,,3,3,,3,,3,3,3,
13048-33-4,二アクリル酸ヘキサメチレン,1,,,,1,3,,3,,0,3,0,,3,,,,3,1,,1,,1,3,,3
13071-79-9,テルブホス,0,,,,0,0,,,0,0,1,0,,,,,,1,0,,0,,0,3,,
13138-45-9,硝酸ニッケル,3,,,,3,3,,3,,2,3,3,,3,,,,3,3,,3,,3,3,3,
13149-00-3,ｃｉｓ－シクロヘキサン－１，２－ジカルボン酸無水物（別名ヘキサヒドロ無水フタル酸のｃｉｓ－異性体）,,,,,,,,,,,,,,,,,,,,,,,,,,
13189-00-9,亜鉛＝ビス（２－メチルプロパ－２－エノアート）,3,,,,3,3,,3,,3,3,3,,3,,,,3,3,,3,,3,3,3,
13194-48-4,エトプロホス,0,,,,0,0,,,0,0,0,0,,,,,,1,0,,0,,0,3,,
13453-07-1,塩化第二金,3,,,,3,3,,3,,3,3,3,,3,,,,3,3,,3,,3,3,3,
13463-41-7,２－ピリジンチオール－１－オキシドの亜鉛塩（別名ジンクピリチオン）,3,,,,3,3,,3,,3,3,3,,3,,,,3,3,,3,,3,3,3,
13477-10-6,次亜塩素酸バリウム,3,,,,3,3,,3,,3,3,3,,3,,,,3,3,,3,,3,3,3,
13478-00-7,硝酸ニッケル（Ⅱ）・六水和物,3,,,,3,3,,3,,3,3,3,,3,,,,3,3,,3,,3,3,3,
13517-20-9,過ホウ酸一ナトリウム三水和物,,,,,,,,,,,,,,,,,,,,,,,,,3,
13517-24-3,メタケイ酸ナトリウム９水和物,3,,,,3,3,,3,,3,3,3,,3,,,,3,3,,3,,3,3,3,
13598-36-2,亜リン酸,3,,,,3,3,,3,,3,3,3,,3,,,,3,3,,3,,3,3,3,
13770-89-3,ビス（スルファミン酸）ニッケル（Ⅱ）,3,,,,3,3,,3,,3,3,3,,3,,,,3,3,,3,,3,3,3,
13840-33-0,次亜塩素酸リチウム,3,,,,3,3,,3,,3,3,3,,3,,,,3,3,,3,,3,3,3,
13952-84-6,セカンダリ－ブチルアミン,0,,,,0,0,,,0,0,0,0,,0,,,,1,0,,0,,0,3,,
13967-50-5,シアン化第一金カリウム,3,,,,3,3,,3,,2,3,3,,3,,,,3,3,,3,,3,3,3,
14166-21-3,ｔｒａｎｓ－シクロヘキサン－１，２－ジカルボン酸無水物（別名ヘキサヒドロ無水フタル酸のｔｒａｎｓ－異性体）,,,,,,,,,,,,,,,,,,,,,,,,,3,
14220-17-8,シアン化ニッケルカリウム,3,,,,3,3,,3,,2,3,3,,3,,,,3,3,,3,,3,3,3,
14324-55-1,ジエチルジチオカルバミン酸亜鉛,3,,,,3,3,,3,,3,3,3,,3,,,,3,3,,3,,3,3,3,
14409-72-4,２６－（４－ノニルフェノキシ）－３，６，９，１２，１５，１８，２１，２４－オクタオクサヘキサコサン－１－オール【Ｎｏｎｏｘｙｎｏｌ－９（ｐ－体）】,3,,,,3,3,,3,,3,3,3,,3,,,,3,3,,3,,3,3,3,
14915-37-8,ビス（２－スルフィドピリジン－１－オラト）銅,3,,,,3,3,,3,,3,3,3,,3,,,,3,3,,3,,3,3,3,
14977-61-8,オキシ塩化クロム（Ⅵ）（別名塩化クロミル）,,,,,,,,,,,,,,,,,,,,,,,,,,
15120-21-5,過ホウ酸一ナトリウム,,,,,,,,,,,,,,,,,,,,,,,,,3,
15263-52-2,１，３－ジカルバモイルチオ－２－（Ｎ， Ｎ－ジメチルアミノ）－プロパン塩酸塩,3,,,,3,3,,3,,2,3,3,,3,,,,3,3,,3,,3,3,3,
15571-58-1,２－エチルヘキシル１０－エチル－４，４－ジオクチル－７－オキソ－８－オキサ－３，５－ジチア－４－スタンナテトラデカノネート【ＤＯＴＥ】,,1,,,2,3,,3,,1,3,2,,3,,,,3,2,,2,,2,3,,
15625-89-5,トリメチロールプロパントリアクリラート,2,,,,2,3,,3,,0,3,2,,3,,,,3,3,,3,,2,3,3,0
15875-13-5,１，３，５－トリス（ジメチルアミノプロピル）ヘキサヒドロ－１，３，５－トリアジン,1,,,,1,2,,3,,0,3,2,,0,,,,3,3,,2,,1,3,,
15972-60-8,２－クロロ－２’，６’－ジエチル－Ｎ－（メトキシメチル）アセトアニリド （別名アラクロール）,3,,,,3,3,,3,,2,3,3,,3,,,,3,3,,3,,3,3,3,
16219-75-3,５－エチリデン－２－ノルボルネン (別名エチリデンノルボルネン),,,1,,1,3,,3,,0,0,1,,3,,,,3,,0,3,,1,3,3,
16672-87-0,エテホン,3,,,,3,3,,3,,3,3,3,,3,,,,3,3,,3,,3,3,3,
16721-80-5,硫化水素ナトリウム,3,,,,3,3,,3,,3,3,3,,3,,,,3,3,,3,,3,3,3,3
16752-77-5,Ｓ－メチル－Ｎ－［（メチルカルバモイル）オキシ］チオアセトイミデート,3,,,,3,3,,3,,3,3,3,,3,,,,3,3,,3,,3,3,3,3
16812-54-7,硫化ニッケル,3,,,,3,3,,3,,3,3,3,,3,,,,3,3,,3,,3,3,3,
16872-11-0,ホウフッ化水素酸（70%）,1,,,,2,3,,3,,2,3,3,,0,,,,3,3,,3,,3,2,,3
16903-35-8,塩化金酸,3,,,,3,3,,3,,2,3,3,,3,,,,3,3,,3,,3,3,3,
16919-58-7,塩化第二白金酸アンモニウム錯塩,3,,,,3,3,,3,,3,3,3,,3,,,,3,3,,3,,3,3,3,
16923-58-3,六塩化白金酸二ナトリウム,3,,,,3,3,,3,,3,3,3,,3,,,,3,3,,3,,3,3,3,
16940-66-2,水素化ホウ素ナトリウム,3,,,,3,3,,3,,3,3,3,,3,,,,3,3,,3,,3,3,3,
16941-12-1,ヘキサクロロ白金（IV）酸,3,,,,3,3,,3,,3,3,3,,3,,,,3,3,,3,,3,3,3,
16961-83-4,ケイフッ化水素酸（70%）,0,,,,0,1,,1,,0,3,2,,0,,,,3,2,,0,,2,3,,3
17090-79-8,モネンシン,3,,,,3,3,,3,,2,3,3,,3,,,,3,3,,3,,3,3,3,
17095-24-8,リアクティブ　ブラック－５（50%）,3,,,,3,3,,3,,3,3,3,,3,,,,3,3,,3,,3,3,3,
17557-23-2,２，２’－（２，２－ジメチル－１，３－プロパンジイル）ビス（オキシメチレン）ビスオキシラン；ネオペンチルグリコールジグリシジルエーテル,3,,,,3,3,,3,,0,2,0,,3,,,,3,1,,2,,2,3,,
17689-77-9,エチルトリアセトキシシラン,1,,,,1,3,,3,,0,3,1,,3,,,,3,1,,2,,3,3,,
17702-41-9,デカボラン,3,,,,3,3,,3,,3,3,3,,3,,,,3,3,,3,,3,3,3,
17796-82-6,Ｎ－（シクロヘキシルチオ）フタルイミド,3,,,,3,3,,3,,3,3,3,,3,,,,3,3,,3,,3,3,3,
17804-35-2,Ｎ－［１－（Ｎ－ｎ－ブチルカルバモイル）－１Ｈ－２－ベンゾイミダゾリル］カルバミン酸メチル (別名ベノミル),3,,,,3,3,,3,,3,3,3,,3,,,,3,3,,3,,3,3,3,3
18127-01-0,３－（４－ｔｅｒｔ－ブチルフェニル）プロパナール,0,,,,0,0,,,0,0,2,0,,1,,,,2,0,,0,,0,3,3,
18972-56-0,ケイフッ化マグネシウム（６水塩）,2,,,,2,3,,3,,2,3,3,,0,,,,3,3,,3,,3,3,3,
19287-45-7,ジボラン,0,,,,0,0,,0,,0,0,0,,0,,,,,0,,0,,0,,,3
19624-22-7,ペンタボラン,,,,,,,,,,,,,,,,,,,,,,,,,,
20816-12-0,四酸化オスミウム,3,,,,3,3,,3,,2,3,3,,3,,,,3,3,,3,,3,3,,
21351-79-1,水酸化セシウム,3,,,,3,3,,3,,3,3,3,,3,,,,3,3,,3,,3,3,3,
21564-17-0,２－（チオシアナートメチルチオ）－１，３－ベンゾチアゾール,0,,,,0,0,,,0,0,1,0,,,,,,2,0,,0,,0,2,,
22224-92-6,Ｎ－イソプロピルアミノホスホン酸Ｏ－エチル－Ｏ－（３－メチル－４－メチルチオフェニル）（別名フェナミホス）,3,,,,3,3,,3,,2,3,3,,3,,,,3,3,,3,,3,3,3,
22248-79-9,りん酸（Ｚ）－２－クロロ－１－（２，４，５－トリクロロフェニル）ビニル＝ジメチル （Ｔｅｔｒａｃｈｌｏｒｖｉｎｐｈｏｓ）,3,,,,3,3,,3,,3,3,3,,3,,,,3,3,,3,,3,3,3,
22373-78-0,モネンシンナトリウム,3,,,,3,3,,3,,3,3,3,,3,,,,3,3,,3,,3,3,3,
22781-23-3,２，２－ジメチル－１，３－ベンゾジオキソール－４－イル－Ｎ－メチルカルバマート （別名ベンダイオカルブ）,3,,,,3,3,,3,,3,3,3,,3,,,,3,3,,3,,3,3,3,
22936-75-0,４－（１，２，ジメチルプロピルアミノ）－２－エチルアミノ－６－メチルチオ－１，３，５－トリアジン（別名ジメタメトリン）,1,,,,1,2,,3,,0,3,2,,0,,,,3,3,,2,,1,3,,
23103-98-2,２－ジメチルアミノ－５，６－ジメチルピリミジル－４－Ｎ，Ｎ－ジメチルカルバメート  (別名ピリミカーブ）,3,,,,3,3,,3,,2,3,3,,3,,,,3,3,,3,,3,3,3,
23184-66-9,Ｎ－ブトキシメチル－２－クロロ－２’，６’－ジエチルアセトアニリド  （別名ブタクロール）,2,,,,2,3,,3,,1,3,2,,3,,,,3,3,,3,,3,3,,
23422-53-9,塩酸ホルメタナート,3,,,,3,3,,3,,3,3,3,,3,,,,3,3,,3,,3,3,3,
23564-05-8,ジメチル４，４’－（オルト－フェニレン）ビス（３－チオアロファナート）（別名チオファネート－メチル）,3,,,,3,3,,3,,2,3,3,,3,,,,3,3,,3,,3,3,3,
25013-16-5,ブチルヒドロキシアニソール,3,,,,3,3,,3,,3,3,3,,3,,,,3,3,,3,,3,3,3,
25068-38-6,４，４’－イソプロピリデンジフェノールと１－クロロ－２，３－エポキシプロパンの重縮合物（液状のものに限る。）,3,,,,3,3,,3,,2,3,3,,3,,,,3,3,,3,,3,3,3,
25103-58-6,ターシャリ－ドデカンチオール,3,,,,3,3,,3,,0,2,1,,,,,,3,2,,3,,1,3,3,
25154-52-3,ノニルフェノール,1,,,,2,3,,3,,1,3,2,,3,,,,3,3,,3,,3,3,,0
25154-54-5,ジニトロベンゼン（異性体混合物）,3,,,,3,3,,3,,3,3,3,,3,,,,3,3,,3,,3,3,3,
25167-80-0,クロロフェノール,0,,,,0,1,,1,,0,3,1,,3,,,,3,1,,0,,1,3,,
25168-24-5,ジブチルスズビス（イソオクチル＝チオグリコレート）,,,,,,,,,,,,,,,,,,,,,,,,,,
25265-76-3,フェニレンジアミン,,,,,,,,,,,,,,,,,,,,,,,,,3,
25321-14-6,ジニトロトルエン （異性体混合物）,3,,,,3,3,,3,,3,3,3,,3,,,,3,3,,3,,3,3,3,
25376-45-8,トルイレンジアミン,3,,,,3,3,,3,,3,3,3,,3,,,,3,3,,3,,3,3,3,
25550-51-0,メチルヘキサヒドロ無水フタル酸,3,,,,3,3,,3,,3,3,3,,3,,,,3,3,,3,,3,3,3,
25584-83-2,アクリル酸とプロパン－１，２－ジオールのモノエステル,,0,,,1,2,,2,,0,3,2,,3,,,,3,1,,1,,2,3,3,
26087-47-8,チオりん酸Ｓ－ベンジル－Ｏ，Ｏ－ジイソプロピル (別名イプロベンホス),1,,,,1,2,,2,,0,1,0,,,,,,1,0,,,2,1,3,,
26447-14-3,１，２－エポキシ－３－（トリルオキシ）プロパン,0,,,,1,1,,1,,,2,2,,,,,,2,3,,0,,1,3,3,
26447-40-5,１，１’－メチレンビス（イソシアナトベンゼン）,2,,,,2,3,,3,,1,3,2,,3,,,,3,3,,3,,3,3,,
26530-20-1,２－ｎ－オクチル－４－イソチアゾリン－３－オン,,1,,,2,3,,3,,0,2,1,,2,,,,3,1,,3,,1,3,3,
26628-22-8,アジ化ナトリウム,3,,,,3,3,,3,,2,3,3,,3,,,,3,3,,3,,3,3,3,
26952-21-6,イソオクタノール,,1,,,2,3,,3,,1,3,,2,3,,,,3,1,,3,,3,3,3,
27083-27-8,ポリヘキサメチレンビグアナイド,3,,,,3,3,,3,,3,3,3,,3,,,,3,3,,3,,3,3,3,
27176-87-0,ドデシルベンゼンスルホン酸,2,,,,3,3,,3,,2,3,3,,0,,,,3,3,,3,,3,3,,3
27459-10-5,４－イソドデシルフェノール,,,,,,,,,,,,,,,,,,,,,,,,,,
31242-93-0,塩素化ジフェニルオキシド,0,,,,1,2,,2,,0,2,1,,3,,,,2,1,,1,,2,3,,
32055-14-4,アニリン・ホルムアルデヒド・ホスゲン重合物,2,,,,3,3,,3,,2,3,2,,3,,,,3,3,,3,,3,3,3,
32210-23-4,４－ｔｅｒｔ－ブチルシクロヘキサン－１－イル＝アセタート,0,,,,0,1,,1,,0,0,0,,3,,,,0,0,,1,,1,3,3,
32388-55-9,１－［（３Ｒ，３ａＲ，７Ｒ，８ａＳ）－３，６，８，８－テトラメチル－２，３，４，７，８，８ａ－ヘキサヒドロ－１Ｈ－３ａ，７－メタノアズレン－５－イル］エタノン,,,,,,,,,,,,,,,,,,,,,,,,,3,
33089-61-1,３－メチル－１，５－ジ（２，４－キシリル）－１，３，５－トリアザペンタ－１，４－ジエン (別名アミトラズ),3,,,,3,3,,3,,2,3,3,,3,,,,3,3,,3,,3,3,3,
34590-94-8,ジプロピレングリコールメチルエーテル,1,,,,2,2,,3,,0,3,2,,2,,,,3,2,,2,,2,3,3,3
34643-46-4,ジチオりん酸Ｏ－２，４－ジクロロフェニルＯ－エチル－Ｓ－プロピル,1,,,,1,2,,2,,0,1,0,,,,,,1,0,,,2,1,3,,
35400-43-2,ジチオりん酸Ｏ－エチル－Ｏ－（４－メチルチオフェニル）－Ｓ－ｎ－プロピル,0,,,,0,1,,1,,0,1,0,,,,,,1,0,,0,,0,3,,
36483-57-5,３－ブロモ－２，２－ビス（ブロモメチル）プロパン－１－オール,3,,,,3,3,,3,,3,3,3,,3,,,,3,3,,3,,3,3,3,
37244-98-7,過ホウ酸ナトリウム四水和物,,,,,,,,,,,,,,,,,,,,,,,,,3,
39148-24-8,アルミニウム＝トリス（エチル＝ホスホナート）（別名ホセチル又はホセチルアルミニウム）,3,,,,3,3,,3,,3,3,3,,3,,,,3,3,,3,,3,3,3,
39300-45-3,ジニトロメチルヘプチルフェニルクロトナート,,,,,,,,,,,,,,,,,,,,,,,,,3,
39430-27-8,炭酸ニッケル四水和物,3,,,,3,3,,3,,3,3,3,,3,,,,3,3,,3,,3,3,3,
39680-90-5,Ｎ－メチルジチオカルバミン酸アンモニウム  (別名カーバム、メタムアンモニウム塩),,,,,,,,,,,,,,,,,,,,,,,,,,
39807-15-3,５－ターシャリ－ブチル－３－［２，４－ジクロロ－５－（プロパ－２－イン－１－イルオキシ）フェニル］－１，３，４－オキサジアゾール－２（３Ｈ）－オン（別名オキサジアリギル）,3,,,,3,3,,3,,3,3,3,,3,,,,3,3,,3,,3,3,3,
41198-08-7,チオりん酸Ｏ－４－ブロモ－２－クロロフェニル－Ｏ－エチル－Ｓ－プロピル,1,,,,1,2,,2,,0,1,0,,,,,,1,0,,,2,1,3,,
41205-21-4,Ｎ－（４’－フルオロフエニル）－２，３－ジクロロマレイミド（別名フルオルイミド）,,,,,,,,,,,,,,,,,,,,,,,,,,
42978-66-5,トリプロピレングリコールジアクリレート,,,,,,,,,,,,,,,,,,,,,,,,,,3
50471-44-8,（ＲＳ）－３－（３，５－ジクロロフェニル）－５－メチル－５－ビニル－１，３－オキサゾリジン－２，４－ジオン【ビンクロゾリン】,,,,,,,,,,,,,,,,,,,,,,,,,,
51218-45-2,２－クロロ－２’－エチル－Ｎ－（２－メトキシ－１－メチルエチル）－６’－メチルアセトアニリド （別名メトラクロール）,,,,,,,,,,,,,,,,,,,,,,,,,,
51218-49-6,２－クロロ－２’， ６’－ジエチル－Ｎ－（２－プロポキシエチル）アセトアニリド （別名プレチラクロール）,,,,,,,,,,,,,,,,,,,,,,,,,,
51235-04-2,３－シクロヘキシル－６－（ジメチルアミノ）－１－メチル－１，３，５－トリアジン－２，４（１Ｈ，３Ｈ）－ジオン（別名ヘキサジノン）,,,,,,,,,,,,,,,,,,,,,,,,,3,
51594-55-9,（Ｒ）－１－クロロ－２，３－エポキシプロパン,,,,,,,,,,,,,,,,,,,,,,,,,,
51630-58-1,α－シアノ－３－フェノキシベンジル＝２－（４－クロロフェニル）－３－メチルブチラート,,,,,,,,,,,,,,,,,,,,,,,,,3,
52315-07-8,α－シアノ－３－フェノキシベンジル＝３－（２，２－ジクロロビニル）－２，２－ジメチルシクロプロパンカルボキシラート（別名シペルメトリン）※シペルメトリン（ａｌｐｈａ－シペルメトリン及びｚｅｔａ－シペルメトリンを含む）,,,,,,,,,,,,,,,,,,,,,,,,,3,3
52829-07-9,ビス（２，２，６，６－テトラメチル－４－ピペリジル）セバケート,,,,,,,,,,,,,,,,,,,,,,,,,,
52888-80-9,Ｓ－ベンジル＝ジプロピルカルバモチオアート（別名プロスルホカルブ）,,,,,,,,,,,,,,,,,,,,,,,,,,
53209-19-1,４－ニトロ－ｏ－フェニレンジアミン・塩酸塩,,,,,,,,,,,,,,,,,,,,,,,,,3,
54464-57-2,１－（２，３，８，８－テトラメチル－ １，２，３，４，５，６，７，８－オクタヒドロナフタレン－２－イル）エタン－１－オン（別名：Ｉｓｏ　Ｅ　Ｓｕｐｅｒ）,,,,,,,,,,,,,,,,,,,,,,,,,,
55285-14-8,Ｎ－ジブチルアミノチオ－Ｎ－メチルカルバミン酸２，３－ジヒドロ－２，２－ジメチル－７－ベンゾ［ｂ］フラニル,,,,,,,,,,,,,,,,,,,,,,,,,,
55406-53-6,３－ヨード－２－プロピニル＝ブチルカルバマート,,,,,,,,,,,,,,,,,,,,,,,,,,
55512-33-9,Ｏ－6－クロロ－３－フェニル－４－ピリダジニル＝Ｓ－ｎ－オクチル＝チオカルボナート,,,,,,,,,,,,,,,,,,,,,,,,,,
57018-04-9,Ｏ－２，６－ジクロロ－ｐ－トリル＝Ｏ，Ｏ－ジメチル＝ホスホロチオアート（別名トルクロホスメチル）,,,,,,,,,,,,,,,,,,,,,,,,,3,
57427-55-1,テトラプロピレンフェノール,,,,,,,,,,,,,,,,,,,,,,,,,,
57966-95-7,１－［（ＥＺ）－２－シアノ－２－メトキシイミノアセチル－３－エチルウレア（別名シモキサニル）,,,,,,,,,,,,,,,,,,,,,,,,,3,
60207-90-1,（２ＲＳ，４ＲＳ；２ＲS，４ＲＳ）－１－［２－（２，４－ジクロロフェニル）－４－プロピル－１，３－ジオキソラン－２－イルメチル］－１Ｈ－１，２，４－トリアゾール（別名プロピコナゾール）,,,,,,,,,,,,,,,,,,,,,,,,,,
61788-46-3,ココアルキルアミン,,,,,,,,,,,,,,,,,,,,,,,,,3,
61789-40-0,（３－アミノプロパン－１－イル）（カルボキシメチル）ジメチルアンモニウムのＮ－ヤシアシル誘導体内部塩,,,,,,,,,,,,,,,,,,,,,,,,,3,
61789-80-8,ビス（水素化牛脂）ジメチルアンモニウム＝クロリド,,,,,,,,,,,,,,,,,,,,,,,,,3,
61791-26-2,獣脂アルキルアミンのエトキシ化物,,,,,,,,,,,,,,,,,,,,,,,,,3,
63935-38-6,α－シアノ－３－フェノキシベンジル＝２，２－ジクロロ－１－（４－エトキシフェニル）シクロプロパンカルボキシラート（別名シクロプロトリン）,,,,,,,,,,,,,,,,,,,,,,,,,,
64359-81-5,４，５－ジクロロ－２－オクチルイソチアゾール－３（２Ｈ）－オン,,,,,,,,,,,,,,,,,,,,,,,,,3,
64440-88-6,ビス（Ｎ，Ｎ－ジメチルジチオカルバミン酸）Ｎ，Ｎ’－エチレンビス（チオカルバモイルチオ亜鉛）,,,,,,,,,,,,,,,,,,,,,,,,,3,
65321-67-7,トルエン－２，４－ジアンモニウム硫酸塩,,,,,,,,,,,,,,,,,,,,,,,,,,
65907-30-4,フラチオカルブ,,,,,,,,,,,,,,,,,,,,,,,,,,
66230-04-4,エスフェンバレレート,,,,,,,,,,,,,,,,,,,,,,,,,,
67375-30-8,（Ｓ）－α－シアノ－３－フェノキシベンジル＝３－（２，２－ジクロロビニル）－２，２－ジメチル－ｃｉｓ－シクロプロパンカルボキシラート,,,,,,,,,,,,,,,,,,,,,,,,,3,
68131-39-5,ポリ（オキシエチレン）＝アルキルエーテル（アルキル基の炭素数が１２から１５ までのもの及びその混合物に限る。）,,,,,,,,,,,,,,,,,,,,,,,,,3,
68424-85-1,アルキル（Ｃ＝１２～１６）（ベンジル）（ジメチル）アンモニウム＝クロリド,,,,,,,,,,,,,,,,,,,,,,,,,,
68609-97-2,脂肪族（Ｃ１２－１４）グリシジルエーテル,,,,,,,,,,,,,,,,,,,,,,,,,,
71048-99-2,Ｌ－２－アミノ－４－［（ヒドロキシ）（メチル）－ホスフィノイル］ブチリル－Ｌ－アラニル－Ｌ－アラニンナトリウム塩,,,,,,,,,,,,,,,,,,,,,,,,,3,
79622-59-6,３－クロロ－Ｎ－（３－クロロ－５－トリフルオロメチル－２－ピリジル）－α，α，α－トリフルオロ－２，６－ジニトロ－ｐ－トルイジン（別名フルアジナム）,,,,,,,,,,,,,,,,,,,,,,,,,3,
79983-71-4,２－（２，４－ジクロロフェニル）－１－（１Ｈ－１，２，４－トリアゾール－１－イル）－２－ヘキサノール（別名ヘキサコナゾ－ル）,,,,,,,,,,,,,,,,,,,,,,,,,3,
81334-34-1,（ＲＳ）－２－（４－イソプロピル－４－メチル－５－オキソ－２－イミダゾリン－２－イル）ニコチン酸（別名イマザピル（酸））,,,,,,,,,,,,,,,,,,,,,,,,,3,
82633-79-2,２－メチル－５，６－ジヒドロ－４Ｈ－シクロペンタ［ｄ］イソチアゾール－３－オン,,,,,,,,,,,,,,,,,,,,,,,,,3,
82657-04-3,２－メチル－１，１’－ビフェニル－３－イルメチル＝（Ｚ）－３－（２－クロロ－３，３，３－トリフルオロ－１－プロペニル）－２，２－ジメチルシクロプロパンカルボキシラート,,,,,,,,,,,,,,,,,,,,,,,,,3,
84852-15-3,４－ノニルフェノール（分枝）,,,,,,,,,,,,,,,,,,,,,,,,,,
85954-11-6,４，４’－ビス（２，３－エポキシプロポキシ）－３，３’，５，５’－テトラメチルビフェニル（２，２’－（（３，３’，５，５’－ｔｅｔｒａｍｅｔｈｙｌ－（１，１’－ｂｉｐｈｅｎｙｌ）－４，４’－ｄｉｙｌ）－ｂｉｓ（ｏｘｙｍｅｔｈｙｌｅｎｅ））－ｂｉｓ－ｏｘｉｒａｎｅ）,,,,,,,,,,,,,,,,,,,,,,,,,3,
86598-92-7,４－クロロベンジル＝Ｎ－（２，４－ジクロロフェニル）－２－（１Ｈ－１，２，４－トリアゾール－１－イル）チオアセトイミダート,,,,,,,,,,,,,,,,,,,,,,,,,3,
87392-12-9,２－クロロ－Ｎ－（２－エチル－６－メチルフェニル）－Ｎ－［（Ｓ）－１－メトキシプロパン－２－イル］アセトアミド（別名メトラクロール（Ｓ体））,,,,,,,,,,,,,,,,,,,,,,,,,,
87674-68-8,（ＲＳ）－２－クロロ－Ｎ－（２，４－ジメチル－３－チエニル）－Ｎ－（２－メトキシ－１－メチルエチル）アセトアミド（別名ジメテナミド）,,,,,,,,,,,,,,,,,,,,,,,,,,
95465-99-9,Ｓ，Ｓ－ビス（１－メチルプロピル）＝Ｏ－エチル＝ホスホロジチオアート（別名カズサホス）,0,,,,0,0,,,0,0,0,0,,,,,,1,0,,0,,0,3,,
96491-05-3,２－クロロ－N－（３－メトキシ－２－チエニル）－２’，６’－ジメチルアセトアニリド,,,,,,,,,,,,,,,,,,,,,,,,,3,
98886-44-3,ホスチアゼート,,,,,,,,,,,,,,,,,,,,,,,,,,
102851-06-9,α－シアノ－３－フェノキシベンジル＝Ｎ－（２－クロロ－α，α，α－トリフルオロ－ｐ－トリル）－Ｄ－バリナート (別名フルバリネート）,,,,,,,,,,,,,,,,,,,,,,,,,,
105779-78-0,５－クロロ－N－｛２－［４－（２－エトキシエチル）－２，３－ジメチルフェノキシ］エチル｝－６－エチルピリミジン－４－アミン（別名ピリミジフェン）,,,,,,,,,,,,,,,,,,,,,,,,,3,
106917-52-6,２’，４－ジクロロ－α，α，α－トリフルオロ－４’－ニトロ－ｍ－トルエンスルホンアニリド　（別名フルスルファミド）,,,,,,,,,,,,,,,,,,,,,,,,,3,
110956-75-7,３－（４－クロロ－５－シクロペンチルオキシ－２－フルオロフェニル）－５－イソプロピリ. デン－１，３－オキサゾリジン－２，４－ジオン（別名ペントキサゾン）,,,,,,,,,,,,,,,,,,,,,,,,,3,
111988-49-9,チアクロプリド,3,,,,3,3,,3,,3,3,3,,3,,,,3,3,,3,,3,3,3,
119168-77-3,Ｎ－（４－ｔｅｒｔ－ブチルベンジル）－４－クロロ－３－エチル－１－メチルピラゾール－５－カルボキサミド（別名テブフェンピラド）,,,,,,,,,,,,,,,,,,,,,,,,,3,
121158-58-5,ドデシル（分枝型）フェノール,,,,,,,,,,,,,,,,,,,,,,,,,,
121552-61-2,４－シクロプロピル－６－メチル－Ｎ－フェニルピリミジン－２－アミン（別名シプロジニル）,,,,,,,,,,,,,,,,,,,,,,,,,3,
133220-30-1,（ＲＳ）－２－［２－（３－クロロフェニル）－２，３－エポキシプロピル］－２－エチルインダン－１，３－ジオン （別名インダノファン）,,,,,,,,,,,,,,,,,,,,,,,,,3,
134098-61-6,ｔｅｒｔ－ブチル＝４－（｛［（１，３－ジメチル－５－フェノキシ－４－ピラゾリル）メチリデン］アミノオキシ｝メチル）ベンゾアート,,,,,,,,,,,,,,,,,,,,,,,,,,
136191-64-5,メチル＝２－（４，６－ジメトキシ－２－ピリミジニルオキシ）－６－［１－（メトキシイミノ）エチル］ベンゾアート,,,,,,,,,,,,,,,,,,,,,,,,,,
141517-21-7,メチル＝（Ｅ）－メトキシイミノ－｛（Ｅ）－アルファ－［１－（アルファ，アルファ，アルファ－トリフルオロ－メタ－トリル）エチリデンアミノオキシ］－オルト－トリル｝アセタート（別名トリフロキシストロビン）,,,,,,,,,,,,,,,,,,,,,,,,,3,
142459-58-3,４’－フルオロ－Ｎ－イソプロピル－２－（５－トリフルオロメチル－１，３，４－チアジアゾール－２－イルオキシ）アセトアニリド（別名フルフェナセット）,,,,,,,,,,,,,,,,,,,,,,,,,3,
148477-71-8,２，２－ジメチルブタン酸＝３－（２，４－ジクロロフェニル）－２－オキソ－１－オキサスピロ［４．５］デカ－３－エン－４－イル（別名スピロジクロフェン）,,,,,,,,,,,,,,,,,,,,,,,,,3,
149877-41-8,イソプロピル＝２－（４－メトキシビフェニル－３－イル）ヒドラジノホルマート （別名ビフェナゼート）,,,,,,,,,,,,,,,,,,,,,,,,,,
155569-91-8,エマメクチン安息香酸塩,,,,,,,,,,,,,,,,,,,,,,,,,3,
163515-14-8,２－クロロ－Ｎ－（２，４－ジメチルチエン－３－イル）－Ｎ－［（２Ｓ）－１－メトキシプロパン－２－イル］アセトアミド　  （別名ジメテナミド Ｐ）,,,,,,,,,,,,,,,,,,,,,,,,,,
173584-44-6,メチル＝（Ｓ）－７－クロロ－２，３，４アール，５－テトラヒドロ－２－［メトキシカルボニル（４－トリフルオロメトキシフェニル）カルバモイル］インデノ［１，２－ｅ］［１，３，４］オキサジアジン－４ａ－カルボキシラート（別名インドキサカルブ又はインドキサカルブＭ）（Ｓ体：Ｒ体＝７５：２５）,,,,,,,,,,,,,,,,,,,,,,,,,3,
178961-20-1,２－クロロ－Ｎ－（２－エチル－６－メチルフェニル）－Ｎ－［（Ｒ）－１－メトキシプロパン－２－イル］アセトアミド（別名メトラクロール（Ｒ体））,,,,,,,,,,,,,,,,,,,,,,,,,,
224049-04-1,３，４－ジクロロ－Ｎ－（２－シアノフェニル）イソチアゾール－５－カルボキサミド（別名イソチアニル）,,,,,,,,,,,,,,,,,,,,,,,,,3,
283594-90-1,３－メシチル－２－オキソ－１－オキサスピロ［４．４］ノナ－３－エン－４－イル＝３，３－ジメチルブタノアート　(別名スピロメシフェン）,,,,,,,,,,,,,,,,,,,,,,,,,3,
400882-07-7,２－メトキシエチル＝２－［４－（ｔｅｒｔ－ブチル）フェニル］－２－シアノ－３－オキソ－３－［２－（トリフルオロメチル）フェニル］プロパノアート（別名シフルメトファン）,,,,,,,,,,,,,,,,,,,,,,,,,3,
560121-52-0,（Ｅ）－２－［４－（ｔｅｒｔ－ブチル）フェニル］－２－シアノ－１－（１，３，４－トリメチル－１Ｈ－ピラゾール－５－イル）ビニル＝２，２－ジメチルプロパノアート（別名シエノピラフェン）,,,,,,,,,,,,,,,,,,,,,,,,,3,
688046-61-9,（５－クロロ－２－メトキシ－４－メチルピリジン－３－イル）（２，３，４－トリメトキシ－６－メチルフェニル）メタノン（別名ピリオフェノン）,,,,,,,,,,,,,,,,,,,,,,,,,3,
nocas-0033,２－エチルヘキシル， １０－エチル－４，４－ジオクチル－７－オキソ－８－オキサ－３，５－ジチア－４－スタンナテトラデカノネート【ＤＯＴＥ】と２－エチルヘキシル，１０－エチル－４－［［２－［（２－エチルヘキシル）オキシ］－２－オキソエチル］チオ］－４－オクチル－７－オキソ－８－オキサ－３，５－ジチア－４－スタンナテトラデカノエート【ＭＯＴＥ】の反応生成物,,,,,,,,,,,,,,,,,,,,,,,,,,
nocas-0023,パウダーケーキ（１）［組成：ニトログリセリン／ニトロセルローズ／水＝６０／１５／２５］,,,,,,,,,,,,,,,,,,,,,,,,,,
nocas-0024,パウダーケーキ（２）［組成：ニトログリセリン／ニトロセルローズ／イソプロピルアルコール＝６０／２３／１７],,,,,,,,,,,,,,,,,,,,,,,,,,
56-23-5,四塩化炭素,0,,,,0,2,,2,,0,1,0,,3,,1,,2,0,,1,,1,3,,3
57-14-7,１，１ージメチルヒドラジン,0,,,,0,0,,1,,0,3,0,,1,,,,3,0,,0,,0,2,,3
57-57-8,ベータープロピオラクトン,0,,,,0,0,,1,,0,3,0,,2,,,,3,1,,0,,1,3,,0
60-11-7,パラージメチルアミノアゾベンゼン,3,,,,3,3,,3,,3,3,3,,3,,,,3,3,,3,,3,3,,
62-73-7,ジメチルー２，２ージクロロビニルホスフェイト（別名DDVＰ）,0,,,,1,2,,3,,,,,,,,,,2,,,1,,,,,
67-66-3,クロロホルム,0,,,,,0,,0,,0,0,0,,3,,,,2,0,,0,,0,1,,3
71-43-2,ベンゼン,0,,,,,1,,1,,0,0,0,,3,,0,,3,0,,0,,1,3,,3
74-83-9,臭化メチル,0,,,,0,0,,0,,0,0,0,,3,,,,2,0,,0,,0,3,,3
74-88-4,沃化メチル,0,,,,,0,,0,,0,0,0,,3,,,,1,1,,0,,0,3,,3
74-90-8,シアン化水素,0,,,,,0,,1,,0,2,0,,2,,,,2,1,,0,,1,3,,3
75-01-4,塩化ビニル,0,,,,0,0,,1,,0,1,0,,3,,,,3,0,,0,,0,3,,3
75-09-2,ジクロロメタン（別名二塩化メチレン）,,,,,,,,,,,0,,,3,0,0,0,1,0,,0,,1,1,,3
75-21-8,エチレンオキシド,0,,,,0,0,,0,,0,0,0,,1,,,,0,0,,0,,0,2,,3
75-44-5,ホスゲン,0,,,,0,0,,0,,0,0,0,,0,,,,1,0,,0,,0,3,,3
75-56-9,酸化プロピレン,0,,,,,0,,0,,0,0,0,,1,,0,,0,0,,0,,0,3,,3
77-78-1,硫酸ジメチル,0,,,,1,1,,2,,0,3,2,,,,,,3,2,,1,,2,3,,3
78-00-2,四アルキル鉛,1,,,,1,2,,3,,0,0,0,,,,,,2,1,,1,,1,3,,3
78-87-5,１，２ージクロロプロパン,0,,,,0,1,,1,,0,0,0,,3,,,,2,0,,0,,1,1,,3
79-01-6,トリクロロエチレン,,,,,,,,,,,0,,,3,,0,,2,0,,0,,0,3,,3
79-06-1,アクリルアミド,,,,,,,,,,,3,,,3,,,,3,3,,3,,3,3,,3
79-34-5,"１，１，２，２ーテトラクロロエタン
（別名四塩化アセチレン）",0,,,,,0,,1,,0,0,0,,3,,,,2,0,,0,,0,1,,3
87-86-5,ペンタクロルフェノール（別名ＰＣＰ）及びそのナトリウム塩,3,,,,3,3,,3,,0,0,2,,0,,,,3,1,,3,,3,3,,3
91-15-6,オルトーフタロジニトリル,3,,,,3,3,,3,,3,3,3,,3,,,,3,3,,3,,3,3,,
91-20-3,ナフタレン,3,,,,3,3,,3,,3,3,3,,3,,,,3,3,,3,,3,3,,3
91-59-8,ベーターナフチルアミン及びその塩,3,,,,3,3,,3,,3,3,3,,3,,,,3,3,,3,,3,3,,
91-94-1,ジクロルベンジジン及びその塩,3,,,,3,3,,3,,3,3,3,,3,,,,3,3,,3,,3,3,,
92-67-1,４ーアミノジフェニル及びその塩,3,,,,3,3,,3,,3,3,3,,3,,,,3,3,,3,,3,3,,3
92-87-5,ベンジジン及びその塩,3,,,,3,3,,3,,3,3,3,,3,,,,3,3,,3,,3,3,,3
92-93-3,４－ニトロジフェニル及びその塩,3,,,,3,3,,3,,3,3,3,,3,,,,3,3,,3,,3,3,,
95-53-4,オルトートルイジン,0,,,,0,1,,1,,0,3,0,,3,,,,3,1,,0,,0,3,3,3
98-07-7,ベンゾトリクロリド,,,,,,,,,,,0,,,3,,,,2,1,,1,,1,3,,3
100-00-5,パラーニトロクロルベンゼン,3,,,,3,3,,3,,3,3,3,,3,,,,3,3,,3,,3,3,,0
100-41-4,エチルベンゼン,0,,,,0,1,,1,,0,0,0,,3,,0,,3,1,,0,,1,3,,3
100-42-5,スチレン,0,,,,,1,,1,,0,1,0,,3,,0,,3,0,,0,,1,3,,3
101-14-4,３，３’ージクロロー４・４’ージアミノジフェニルメタン,3,,,,3,3,,3,,3,3,3,,3,,,,3,3,,3,,3,3,,3
107-06-2,１，２ージクロロエタン（別名二塩化エチレン）,0,,,,,0,,0,,0,1,0,,3,,,,1,0,,0,,1,3,,3
107-13-1,アクリロニトリル,0,,,,,0,,0,,0,3,0,,3,,,,3,0,,0,,0,3,,3
107-30-2,クロロメチルメチルエーテル,0,,,,0,0,,0,,0,0,0,,0,,,,0,0,,0,,0,2,,3
108-10-1,メチルイソブチルケトン,0,,,,,0,,1,,0,2,0,,3,,,,2,0,,0,,1,3,,3
108-95-2,フェノール,1,,,,,2,,2,,0,3,2,,3,,,,3,2,,2,,2,3,,0
119-90-4,ジアニシジン及びその塩,3,,,,3,3,,3,,3,3,3,,3,,,,3,3,,3,,3,3,,
119-93-7,オルトートリジン及びその塩,3,,,,3,3,,3,,3,3,3,,3,,,,3,3,,3,,3,3,,
123-91-1,１，４ージオキサン,0,,,,,1,,1,,0,3,0,,2,,0,,2,1,,1,,0,3,,3
127-18-4,テトラクロロエチレン（別名パークロルエチレン）,1,,,,,2,,3,,0,0,0,,3,,0,,3,0,,2,,1,3,,3
134-32-7,アルファ－ナフチルアミン及びその塩,3,,,,3,3,,3,,3,3,3,,3,,,,3,3,,3,,3,3,,
143-33-9,シアン化ナトリウム,3,,,,3,3,,3,,2,3,3,,3,,,,3,3,,3,,3,3,,3
151-50-8,シアン化カリウム,3,,,,3,3,,3,,2,3,3,,3,,,,3,3,,3,,3,3,,3
151-56-4,エチレンイミン,0,,,,0,0,,1,,0,3,0,,,,,,2,0,,0,,0,3,,3
492-80-8,オーラミン,3,,,,3,3,,3,,3,3,3,,3,,,,3,3,,3,,3,3,,
628-96-6,ニトログリコール,0,,,,0,0,,0,,0,0,0,,3,,,,1,0,,0,,0,3,,3
630-08-0,一酸化炭素,0,,,,0,0,,0,,0,3,0,,,,,,3,1,,0,,0,3,,3
632-99-5,マゼンダ,3,,,,3,3,,3,,3,3,3,,3,,,,3,3,,3,,3,3,,
1120-71-4,１，３ープロパンスルトン,1,,,,1,1,,2,,1,3,2,,,,,,3,2,,1,,1,3,,
1309-64-4,三酸化二アンチモン,3,,,,3,3,,3,,3,3,3,,3,,,,3,3,,3,,3,3,,
1314-62-1,五酸化バナジウム,3,,,,3,3,,3,,3,3,3,,3,,,,3,3,,3,,3,3,,
1333-82-0,クロム酸及びその塩,0,,,,1,1,,1,,1,3,1,,0,,,,3,2,,1,,3,3,,3
1336-36-3,塩素化ビフェニル（別名ＰＣＢ）,1,,,,,2,,2,,0,3,2,,3,,,,3,2,,2,,3,3,,3
7439-96-5,マンガン及びその化合物,3,,,,3,3,,3,,3,3,3,,3,,,,3,3,,3,,3,3,,
7439-97-6,水銀及びその無機化合物,3,,,,,3,,3,,2,3,2,,3,,,,3,3,,3,,3,3,,3
7440-38-2,砒素及びその化合物,3,,,,3,3,,3,,2,3,3,,3,,,,3,3,,3,,3,3,,
7440-41-7,ベリリウム及びその化合物,3,,,,3,3,,3,,3,3,3,,3,,,,3,3,,3,,3,3,,
7440-43-9,カドミウム及びその化合物,3,,,,3,3,,3,,2,3,3,,3,,,,3,3,,3,,3,3,,
7440-48-4,コバルト及びその無機化合物,3,,,,3,3,,3,,3,3,3,,3,,,,3,3,,3,,3,3,,
7647-01-0,塩化水素,0,,,,,1,,2,,0,3,1,,0,,,3,3,2,,2,,2,3,,3
7664-39-3,弗化水素,0,,,,,0,,0,,0,2,0,,0,,,,2,0,,0,,0,2,,3
7664-41-7,アンモニア,,0,,,1,1,,2,,0,3,1,,1,,,2,3,1,,1,,0,1,,3
7697-37-2,硝酸,0,,,,,0,,0,,0,1,0,,0,,,,1,0,,0,,1,3,,3
7782-50-5,塩素,0,,,,,0,,3,,0,3,0,,0,,1,3,3,0,,0,,0,3,,3
7783-06-4,硫化水素,0,,,,0,0,,0,,0,3,,,,,,,3,,,0,,0,3,,3
8007-45-2,コールタール,3,,,,3,3,,3,,0,3,2,,3,,,,3,3,,3,,2,3,,
22967-92-6,メチル水銀,0,,,,0,0,,0,,0,,0,,,,,,,0,,,,0,,,
26471-62-5,トリレンジイソシアネート,1,,,,,2,,3,,0,3,1,,3,,,,3,2,,0,,1,3,,3
142844-00-6,リフラクトリーセラミックファイバー,3,,,,3,3,,3,,3,3,3,,3,,,,3,3,,3,,3,3,,
