分類,名前の定義,項目,選択肢,Key,値,,,,,,,,,
Property,listProductPropertyType,,液体,Property液体,1,,,,,,,,,
Property,listProductPropertyType,,粉体,Property粉体,2,,,,,,,,,
Property,listProductPropertyType,,気体,Property気体,3,,,,,,,,,
OEL,listSelectOEL,,デフォルト,OELデフォルト,0,,,,,,,,,
OEL,listSelectOEL,,濃度基準値,OEL濃度基準値,1,,,,,,,,,
OEL,listSelectOEL,,日本産業衛生学会,OEL日本産業衛生学会,2,,,,,,,,,
OEL,listSelectOEL,,ACGIH,OELACGIH,3,,,,,,,,,
OEL,listSelectOEL,,DFG,OELDFG,4,,,,,,,,,
OEL,listSelectOEL,,その他,OELその他,5,,,,,,,,,
GHS,listGHSExplosives,爆発物,不安定爆発物,GHS爆発物不安定爆発物,UnstableExplosive,ghsExplosives,,,,,,,,
GHS,listGHSExplosives,爆発物,等級1.1,GHS爆発物等級1.1,1.1,,,,,,,,,
GHS,listGHSExplosives,爆発物,等級1.2,GHS爆発物等級1.2,1.2,,,,,,,,,
GHS,listGHSExplosives,爆発物,等級1.3,GHS爆発物等級1.3,1.3,,,,,,,,,
GHS,listGHSExplosives,爆発物,等級1.4,GHS爆発物等級1.4,1.4,,,,,,,,,
GHS,listGHSExplosives,爆発物,等級1.5,GHS爆発物等級1.5,1.5,,,,,,,,,
GHS,listGHSExplosives,爆発物,等級1.6,GHS爆発物等級1.6,1.6,,,,,,,,,
GHS,listGHSFlamGas,可燃性ガス,区分1,GHS可燃性ガス区分1,1,,,,,,,,,
GHS,listGHSFlamGas,可燃性ガス,区分2,GHS可燃性ガス区分2,2,,,,爆発物,Explosives,Explosives,GHS_Explosives,ghsExplosives,cmbGHSExplosives
GHS,listGHSAerosol,エアゾール,区分1,GHSエアゾール区分1,1,,,,可燃性ガス,Flammable gases,FlamGas,GHS_FlamGas,ghsFlamGas,cmbGHSFlamGas
GHS,listGHSAerosol,エアゾール,区分2,GHSエアゾール区分2,2,,,,エアゾール,Aerosols,Aerosol,GHS_Aerosol,ghsAerosol,cmbGHSAerosol
GHS,listGHSAerosol,エアゾール,区分3,GHSエアゾール区分3,3,,,,酸化性ガス,Oxidizing gases,OxGas,GHS_OxGas,ghsOxGas,cmbGHSOxGas
GHS,listGHSOxGas,酸化性ガス,区分1,GHS酸化性ガス区分1,1,,,,高圧ガス,Gases under pressure,GasesUnderPressure,GHS_GasesUnderPressure,ghsGasesUnderPressure,cmbGHSGasesUnderPressure
GHS,listGHSGasesUnderPressure,高圧ガス,圧縮ガス,GHS高圧ガス圧縮ガス,CompressedGas,,,,引火性液体,Flammable liquids,FlamLiq,GHS_FlamLiq,ghsFlamLiq,cmbGHSFlamLiq
GHS,listGHSGasesUnderPressure,高圧ガス,液化ガス,GHS高圧ガス液化ガス,LiquefiedGas,,,,可燃性固体,Flammable solids,FlamSol,GHS_FlamSol,ghsFlamSol,cmbGHSFlamSol
GHS,listGHSGasesUnderPressure,高圧ガス,高圧液化ガス,GHS高圧ガス高圧液化ガス,HighPressureLiquefiedGas,,,,自己反応性化学品,Self-reactive substances and mixtures,SelfReact,GHS_SelfReact,ghsSelfReact,cmbGHSSelfReact
GHS,listGHSGasesUnderPressure,高圧ガス,低圧液化ガス,GHS高圧ガス低圧液化ガス,LowPressureLiquefiedGas,,,,自然発火性液体,Pyrophoric liquids,PyrLiq,GHS_PyrLiq,ghsPyrLiq,cmbGHSPyrLiq
GHS,listGHSGasesUnderPressure,高圧ガス,深冷液化ガス,GHS高圧ガス深冷液化ガス,RefrigeratedLiquefiedGas,,,,自然発火性固体,Pyrophoric solids,PyrSol,GHS_PyrSol,ghsPyrSol,cmbGHSPyrSol
GHS,listGHSGasesUnderPressure,高圧ガス,溶解ガス,GHS高圧ガス溶解ガス,DissolvedGas,,,,自己発熱性化学品,Self-heating substances and mixtures,SelfHeat,GHS_SelfHeat,ghsSelfHeat,cmbGHSSelfHeat
GHS,listGHSFlamLiq,引火性液体,区分1,GHS引火性液体区分1,1,,,,水反応可燃性化学品,"Substances and mixtures which, in contact with water, emit flammable gases",WaterReact,GHS_WaterReact,ghsWaterReact,cmbGHSWaterReact
GHS,listGHSFlamLiq,引火性液体,区分2,GHS引火性液体区分2,2,,,,酸化性液体,Oxidizing liquids,OxLiq,GHS_OxLiq,ghsOxLiq,cmbGHSOxLiq
GHS,listGHSFlamLiq,引火性液体,区分3,GHS引火性液体区分3,3,,,,酸化性固体,Oxidizing solids,OxSol,GHS_OxSol,ghsOxSol,cmbGHSOxSol
GHS,listGHSFlamLiq,引火性液体,区分4,GHS引火性液体区分4,4,,,,有機過酸化物,Organic peroxides,OrgPerox,GHS_OrgPerox,ghsOrgPerox,cmbGHSOrgPerox
GHS,listGHSFlamSol,可燃性固体,区分1,GHS可燃性固体区分1,1,,,,金属腐食性化学品,Corrosive to metals,MetCorr,GHS_MetCorr,ghsMetCorr,cmbGHSMetCorr
GHS,listGHSFlamSol,可燃性固体,区分2,GHS可燃性固体区分2,2,,,,鈍性化爆発物,Desensitized explosives,InertExplosives,GHS_InertExplosives,ghsInertExplosives,cmbGHSInertExplosives
GHS,listGHSSelfReact,自己反応性化学品,タイプA,GHS自己反応性化学品タイプA,A,,,,急性毒性（経口）,Acute toxicity (Oral),AcuteToxOral,GHS_AcuteToxOral,ghsAcuteToxOral,cmbGHSAcuteToxOral
GHS,listGHSSelfReact,自己反応性化学品,タイプB,GHS自己反応性化学品タイプB,B,,,,急性毒性（経皮）,Acute toxicity (Dermal),AcuteToxDermal,GHS_AcuteToxDermal,ghsAcuteToxDermal,cmbGHSAcuteToxDermal
GHS,listGHSSelfReact,自己反応性化学品,タイプC,GHS自己反応性化学品タイプC,C,,,,急性毒性（吸入：ガス）,Acute toxicity (Inhalation: Gases),AcuteToxInhalationGases,GHS_AcuteToxInhalationGases,ghsAcuteToxInhalationGases,cmbGHSAcuteToxInhalationGases
GHS,listGHSSelfReact,自己反応性化学品,タイプD,GHS自己反応性化学品タイプD,D,,,,急性毒性（吸入：蒸気）,Acute toxicity (Inhalation: Vapours),AcuteToxInhalationVapors,GHS_AcuteToxInhalationVapors,ghsAcuteToxInhalationVapors,cmbGHSAcuteToxInhalationVapors
GHS,listGHSSelfReact,自己反応性化学品,タイプE,GHS自己反応性化学品タイプE,E,,,,急性毒性（吸入：粉塵、ミスト）,Acute toxicity (Inhalation: Dusts and mists),AcuteToxInhalationDustOrMist,GHS_AcuteToxInhalationDustOrMist,ghsAcuteToxInhalationDustOrMist,cmbGHSAcuteToxInhalationDustOrMist
GHS,listGHSSelfReact,自己反応性化学品,タイプF,GHS自己反応性化学品タイプF,F,,,,皮膚腐食性／刺激性,Skin corrosion/irritation,SkinCorrOrIrrit,GHS_SkinCorrOrIrrit,ghsSkinCorrOrIrrit,cmbGHSSkinCorrOrIrrit
GHS,listGHSSelfReact,自己反応性化学品,タイプG,GHS自己反応性化学品タイプG,G,,,,眼に対する重篤な損傷性／眼刺激性,Serious eye damage/eye irritation,EyeCorrOrIrrit,GHS_EyeCorrOrIrrit,ghsEyeCorrOrIrrit,cmbGHSEyeCorrOrIrrit
GHS,listGHSPyrLiq,自然発火性液体,区分1,GHS自然発火性液体区分1,1,,,,呼吸器感作性,Respiratory sensitization,RespSens,GHS_RespSens,ghsRespSens,cmbGHSRespSens
GHS,listGHSPyrSol,自然発火性固体,区分1,GHS自然発火性固体区分1,1,,,,皮膚感作性,Skin sensitization,SkinSens,GHS_SkinSens,ghsSkinSens,cmbGHSSkinSens
GHS,listGHSSelfHeat,自己発熱性化学品,区分1,GHS自己発熱性化学品区分1,1,,,,生殖細胞変異原性,Germ cell mutagenicity,Muta,GHS_Muta,ghsMuta,cmbGHSMuta
GHS,listGHSSelfHeat,自己発熱性化学品,区分2,GHS自己発熱性化学品区分2,2,,,,発がん性,Carcinogenicity,Carc,GHS_Carc,ghsCarc,cmbGHSCarc
GHS,listGHSWaterReact,水反応可燃性化学品,区分1,GHS水反応可燃性化学品区分1,1,,,,生殖毒性,Reproductive toxicity,Repr,GHS_Repr,ghsRepr,cmbGHSRepr
GHS,listGHSWaterReact,水反応可燃性化学品,区分2,GHS水反応可燃性化学品区分2,2,,,,特定標的臓器毒性（単回暴露）,Specific target organ toxicity - Single exposure,STOTSE,GHS_STOTSE,ghsSTOTSE,cmbGHSSTOTSE
GHS,listGHSWaterReact,水反応可燃性化学品,区分3,GHS水反応可燃性化学品区分3,3,,,,特定標的臓器毒性（反復暴露）,Specific target organ toxicity - Repeated exposure,STOTRE,GHS_STOTRE,ghsSTOTRE,cmbGHSSTOTRE
GHS,listGHSOxLiq,酸化性液体,区分1,GHS酸化性液体区分1,1,,,,誤えん有害性,Aspiration hazard,AspTox,GHS_AspTox,ghsAspTox,cmbGHSAspTox
GHS,listGHSOxLiq,酸化性液体,区分2,GHS酸化性液体区分2,2,,,,,,,,,
GHS,listGHSOxLiq,酸化性液体,区分3,GHS酸化性液体区分3,3,,,,,,,,,
GHS,listGHSOxSol,酸化性固体,区分1,GHS酸化性固体区分1,1,,,,,,,,,
GHS,listGHSOxSol,酸化性固体,区分2,GHS酸化性固体区分2,2,,,,,,,,,
GHS,listGHSOxSol,酸化性固体,区分3,GHS酸化性固体区分3,3,,,,,,,,,
GHS,listGHSOrgPerox,有機過酸化物,タイプA,GHS有機過酸化物タイプA,A,,,,,,,,,
GHS,listGHSOrgPerox,有機過酸化物,タイプB,GHS有機過酸化物タイプB,B,,,,,,,,,
GHS,listGHSOrgPerox,有機過酸化物,タイプC,GHS有機過酸化物タイプC,C,,,,,,,,,
GHS,listGHSOrgPerox,有機過酸化物,タイプD,GHS有機過酸化物タイプD,D,,,,,,,,,
GHS,listGHSOrgPerox,有機過酸化物,タイプE,GHS有機過酸化物タイプE,E,,,,,,,,,
GHS,listGHSOrgPerox,有機過酸化物,タイプF,GHS有機過酸化物タイプF,F,,,,,,,,,
GHS,listGHSOrgPerox,有機過酸化物,タイプG,GHS有機過酸化物タイプG,G,,,,,,,,,
GHS,listGHSMetCorr,金属腐食性化学品,区分1,GHS金属腐食性化学品区分1,1,,,,,,,,,
GHS,listGHSInertExplosives,鈍性化爆発物,区分1,GHS鈍性化爆発物区分1,1,,,,,,,,,
GHS,listGHSInertExplosives,鈍性化爆発物,区分2,GHS鈍性化爆発物区分2,2,,,,,,,,,
GHS,listGHSInertExplosives,鈍性化爆発物,区分3,GHS鈍性化爆発物区分3,3,,,,,,,,,
GHS,listGHSInertExplosives,鈍性化爆発物,区分4,GHS鈍性化爆発物区分4,4,,,,,,,,,
GHS,listGHSAcuteToxOral,急性毒性（経口）,区分1,GHS急性毒性（経口）区分1,1,,,,,,,,,
GHS,listGHSAcuteToxOral,急性毒性（経口）,区分2,GHS急性毒性（経口）区分2,2,,,,,,,,,
GHS,listGHSAcuteToxOral,急性毒性（経口）,区分3,GHS急性毒性（経口）区分3,3,,,,,,,,,
GHS,listGHSAcuteToxOral,急性毒性（経口）,区分4,GHS急性毒性（経口）区分4,4,,,,,,,,,
GHS,listGHSAcuteToxDermal,急性毒性（経皮）,区分1,GHS急性毒性（経皮）区分1,1,,,,,,,,,
GHS,listGHSAcuteToxDermal,急性毒性（経皮）,区分2,GHS急性毒性（経皮）区分2,2,,,,,,,,,
GHS,listGHSAcuteToxDermal,急性毒性（経皮）,区分3,GHS急性毒性（経皮）区分3,3,,,,,,,,,
GHS,listGHSAcuteToxDermal,急性毒性（経皮）,区分4,GHS急性毒性（経皮）区分4,4,,,,,,,,,
GHS,listGHSAcuteToxInhalationGases,急性毒性（吸入：ガス）,区分1,GHS急性毒性（吸入：ガス）区分1,1,,,,,,,,,
GHS,listGHSAcuteToxInhalationGases,急性毒性（吸入：ガス）,区分2,GHS急性毒性（吸入：ガス）区分2,2,,,,,,,,,
GHS,listGHSAcuteToxInhalationGases,急性毒性（吸入：ガス）,区分3,GHS急性毒性（吸入：ガス）区分3,3,,,,,,,,,
GHS,listGHSAcuteToxInhalationGases,急性毒性（吸入：ガス）,区分4,GHS急性毒性（吸入：ガス）区分4,4,,,,,,,,,
GHS,listGHSAcuteToxInhalationVapors,急性毒性（吸入：蒸気）,区分1,GHS急性毒性（吸入：蒸気）区分1,1,,,,,,,,,
GHS,listGHSAcuteToxInhalationVapors,急性毒性（吸入：蒸気）,区分2,GHS急性毒性（吸入：蒸気）区分2,2,,,,,,,,,
GHS,listGHSAcuteToxInhalationVapors,急性毒性（吸入：蒸気）,区分3,GHS急性毒性（吸入：蒸気）区分3,3,,,,,,,,,
GHS,listGHSAcuteToxInhalationVapors,急性毒性（吸入：蒸気）,区分4,GHS急性毒性（吸入：蒸気）区分4,4,,,,,,,,,
GHS,listGHSAcuteToxInhalationDustOrMist,急性毒性（吸入：粉塵、ミスト）,区分1,GHS急性毒性（吸入：粉塵、ミスト）区分1,1,,,,,,,,,
GHS,listGHSAcuteToxInhalationDustOrMist,急性毒性（吸入：粉塵、ミスト）,区分2,GHS急性毒性（吸入：粉塵、ミスト）区分2,2,,,,,,,,,
GHS,listGHSAcuteToxInhalationDustOrMist,急性毒性（吸入：粉塵、ミスト）,区分3,GHS急性毒性（吸入：粉塵、ミスト）区分3,3,,,,,,,,,
GHS,listGHSAcuteToxInhalationDustOrMist,急性毒性（吸入：粉塵、ミスト）,区分4,GHS急性毒性（吸入：粉塵、ミスト）区分4,4,,,,,,,,,
GHS,listGHSSkinCorrOrIrrit,皮膚腐食性／刺激性,区分1,GHS皮膚腐食性／刺激性区分1,1,,,,,,,,,
GHS,listGHSSkinCorrOrIrrit,皮膚腐食性／刺激性,区分1A,GHS皮膚腐食性／刺激性区分1A,1A,,,,,,,,,
GHS,listGHSSkinCorrOrIrrit,皮膚腐食性／刺激性,区分1B,GHS皮膚腐食性／刺激性区分1B,1B,,,,,,,,,
GHS,listGHSSkinCorrOrIrrit,皮膚腐食性／刺激性,区分1C,GHS皮膚腐食性／刺激性区分1C,1C,,,,,,,,,
GHS,listGHSSkinCorrOrIrrit,皮膚腐食性／刺激性,区分2,GHS皮膚腐食性／刺激性区分2,2,,,,,,,,,
GHS,listGHSEyeCorrOrIrrit,眼に対する重篤な損傷性／眼刺激性,区分1,GHS眼に対する重篤な損傷性／眼刺激性区分1,1,,,,,,,,,
GHS,listGHSEyeCorrOrIrrit,眼に対する重篤な損傷性／眼刺激性,区分2,GHS眼に対する重篤な損傷性／眼刺激性区分2,2,,,,,,,,,
GHS,listGHSEyeCorrOrIrrit,眼に対する重篤な損傷性／眼刺激性,区分2A,GHS眼に対する重篤な損傷性／眼刺激性区分2A,2A,,,,,,,,,
GHS,listGHSEyeCorrOrIrrit,眼に対する重篤な損傷性／眼刺激性,区分2B,GHS眼に対する重篤な損傷性／眼刺激性区分2B,2B,,,,,,,,,
GHS,listGHSRespSens,呼吸器感作性,区分1,GHS呼吸器感作性区分1,1,,,,,,,,,
GHS,listGHSRespSens,呼吸器感作性,区分1A,GHS呼吸器感作性区分1A,1A,,,,,,,,,
GHS,listGHSRespSens,呼吸器感作性,区分1B,GHS呼吸器感作性区分1B,1B,,,,,,,,,
GHS,listGHSSkinSens,皮膚感作性,区分1,GHS皮膚感作性区分1,1,,,,,,,,,
GHS,listGHSSkinSens,皮膚感作性,区分1A,GHS皮膚感作性区分1A,1A,,,,,,,,,
GHS,listGHSSkinSens,皮膚感作性,区分1B,GHS皮膚感作性区分1B,1B,,,,,,,,,
GHS,listGHSMuta,生殖細胞変異原性,区分1A,GHS生殖細胞変異原性区分1A,1A,,,,,,,,,
GHS,listGHSMuta,生殖細胞変異原性,区分1B,GHS生殖細胞変異原性区分1B,1B,,,,,,,,,
GHS,listGHSMuta,生殖細胞変異原性,区分2,GHS生殖細胞変異原性区分2,2,,,,,,,,,
GHS,listGHSCarc,発がん性,区分1A,GHS発がん性区分1A,1A,,,,,,,,,
GHS,listGHSCarc,発がん性,区分1B,GHS発がん性区分1B,1B,,,,,,,,,
GHS,listGHSCarc,発がん性,区分2,GHS発がん性区分2,2,,,,,,,,,
GHS,listGHSRepr,生殖毒性,区分1A,GHS生殖毒性区分1A,1A,,,,,,,,,
GHS,listGHSRepr,生殖毒性,区分1B,GHS生殖毒性区分1B,1B,,,,,,,,,
GHS,listGHSRepr,生殖毒性,区分2,GHS生殖毒性区分2,2,,,,,,,,,
GHS,listGHSSTOTSE,特定標的臓器毒性（単回暴露）,区分1,GHS特定標的臓器毒性（単回暴露）区分1,1,,,,,,,,,
GHS,listGHSSTOTSE,特定標的臓器毒性（単回暴露）,区分2,GHS特定標的臓器毒性（単回暴露）区分2,2,,,,,,,,,
GHS,listGHSSTOTSE,特定標的臓器毒性（単回暴露）,区分3,GHS特定標的臓器毒性（単回暴露）区分3,3,,,,,,,,,
GHS,listGHSSTOTRE,特定標的臓器毒性（反復暴露）,区分1,GHS特定標的臓器毒性（反復暴露）区分1,1,,,,,,,,,
GHS,listGHSSTOTRE,特定標的臓器毒性（反復暴露）,区分2,GHS特定標的臓器毒性（反復暴露）区分2,2,,,,,,,,,
GHS,listGHSAspTox,誤えん有害性,区分1,GHS誤えん有害性区分1,1,,,,,,,,,
VolatilityOrDustiness,listVolatility,液体,高揮発性（沸点：50℃未満）,VolatilityOrDustiness高揮発性（沸点：50℃未満）,1,,,,,,,,,
VolatilityOrDustiness,listVolatility,液体,中揮発性（沸点：50℃以上～150℃未満）,VolatilityOrDustiness中揮発性（沸点：50℃以上～150℃未満）,2,,,,,,,,,
VolatilityOrDustiness,listVolatility,液体,低揮発性（沸点：150℃以上）,VolatilityOrDustiness低揮発性（沸点：150℃以上）,3,,,,,,,,,
VolatilityOrDustiness,listVolatility,液体,極低揮発性（蒸気圧：0.5 Pa未満）,VolatilityOrDustiness極低揮発性（蒸気圧：0.5 Pa未満）,4,,,,,,,,,
VolatilityOrDustiness,listVolatility,液体,わからない,VolatilityOrDustinessわからない,2,,,,,,,,,
VolatilityOrDustiness,listDustiness,粉体,高飛散性（微細な軽い粉体）,VolatilityOrDustiness高飛散性（微細な軽い粉体）,1,,,,,,,,,
VolatilityOrDustiness,listDustiness,粉体,中飛散性（結晶状・顆粒状）,VolatilityOrDustiness中飛散性（結晶状・顆粒状）,2,,,,,,,,,
VolatilityOrDustiness,listDustiness,粉体,低飛散性（壊れないペレット）,VolatilityOrDustiness低飛散性（壊れないペレット）,3,,,,,,,,,
Q,Q_Concentration,,25%以上,Q25%以上,1,,,,,,,,,
Q,Q_Concentration,,5%以上～25%未満,Q5%以上～25%未満,0.6,,,,,,,,,
Q,Q_Concentration,,1%以上～5%未満,Q1%以上～5%未満,0.2,,,,,,,,,
Q,Q_Concentration,,1%未満,Q1%未満,0.1,,,,,,,,,
Q1,Q1_Liquid,,大量 （1kL以上）,Q1大量 （1kL以上）,1,,,,,,,,,
Q1,Q1_Liquid,,中量 （1L以上～1000L未満）,Q1中量 （1L以上～1000L未満）,2,,,,,,,,,
Q1,Q1_Liquid,,少量 （100mL以上～1000mL未満）,Q1少量 （100mL以上～1000mL未満）,3,,,,,,,,,
Q1,Q1_Liquid,,微量 （10mL以上～100mL未満）,Q1微量 （10mL以上～100mL未満）,4,,,,,,,,,
Q1,Q1_Liquid,,極微量（10mL未満）,Q1極微量（10mL未満）,5,,,,,,,,,
Q1,Q1_Solid,,大量 （1ｔ以上）,Q1大量 （1ｔ以上）,1,,,,,,,,,
Q1,Q1_Solid,,中量 （1kg以上～1000kg未満）,Q1中量 （1kg以上～1000kg未満）,2,,,,,,,,,
Q1,Q1_Solid,,少量 （100g以上～1000g未満）,Q1少量 （100g以上～1000g未満）,3,,,,,,,,,
Q1,Q1_Solid,,微量 （10g以上～100g未満）,Q1微量 （10g以上～100g未満）,4,,,,,,,,,
Q1,Q1_Solid,,極微量（10g未満）,Q1極微量（10g未満）,5,,,,,,,,,
Q1,Q1_Gas,,大量 （1ｔ以上）,Q1大量 （1ｔ以上）,1,,,,,,,,,
Q1,Q1_Gas,,中量 （1kg以上～1000kg未満）,Q1中量 （1kg以上～1000kg未満）,2,,,,,,,,,
Q1,Q1_Gas,,少量 （100g以上～1000g未満）,Q1少量 （100g以上～1000g未満）,3,,,,,,,,,
Q1,Q1_Gas,,微量 （10g以上～100g未満）,Q1微量 （10g以上～100g未満）,4,,,,,,,,,
Q1,Q1_Gas,,極微量（10g未満）,Q1極微量（10g未満）,5,,,,,,,,,
Q2,Q2_Spray,,はい,Q2はい,10,,,,,,,,,
Q2,Q2_Spray,,いいえ,Q2いいえ,1,,,,,,,,,
Q3,Q3_Workingarea,,はい,Q3はい,10,,,,,,,,,
Q3,Q3_Workingarea,,いいえ,Q3いいえ,1,,,,,,,,,
Q4,Q4_Ventilation,,換気レベルA（特に換気のない部屋）,Q4換気レベルA（特に換気のない部屋）,4,,,,,,,,,
Q4,Q4_Ventilation,,換気レベルB（全体換気）,Q4換気レベルB（全体換気）,3,,,,,,,,,
Q4,Q4_Ventilation,,換気レベルC（工業的な全体換気、屋外作業）,Q4換気レベルC（工業的な全体換気、屋外作業）,1,,,,,,,,,
Q4,Q4_Ventilation,,換気レベルD（外付け式局所排気装置）,Q4換気レベルD（外付け式局所排気装置）,0.1,,,,,,,,,
Q4,Q4_Ventilation,,換気レベルE（囲い式局所排気装置）,Q4換気レベルE（囲い式局所排気装置）,0.01,,,,,,,,,
Q4,Q4_Ventilation,,換気レベルF（密閉容器内での取扱い）,Q4換気レベルF（密閉容器内での取扱い）,0.001,,,,,,,,,
Q4,Q4_ControlVelocity,,制御風速を確認していない,Q4制御風速を確認していない,FALSE,,,,,,,,,
Q4,Q4_ControlVelocity,,制御風速を確認している,Q4制御風速を確認している,TRUE,,,,,,,,,
Q5,Q5_Time,,8時間超,Q58時間超,10,,,,,,,,,
Q5,Q5_Time,,7時間超～8時間以下,Q57時間超～8時間以下,8,,,,,,,,,
Q5,Q5_Time,,6時間超～7時間以下,Q56時間超～7時間以下,7,,,,,,,,,
Q5,Q5_Time,,5時間超～6時間以下,Q55時間超～6時間以下,6,,,,,,,,,
Q5,Q5_Time,,4時間超～5時間以下,Q54時間超～5時間以下,5,,,,,,,,,
Q5,Q5_Time,,3時間超～4時間以下,Q53時間超～4時間以下,4,,,,,,,,,
Q5,Q5_Time,,2時間超～3時間以下,Q52時間超～3時間以下,3,,,,,,,,,
Q5,Q5_Time,,1時間超～2時間以下,Q51時間超～2時間以下,2,,,,,,,,,
Q5,Q5_Time,,30分超～1時間以下,Q530分超～1時間以下,1,,,,,,,,,
Q5,Q5_Time,,30分以下,Q530分以下,0.5,,,,,,,,,
Q6,Q6_Frequency,,週1回以上,Q6週1回以上,1,,,,,,,,,
Q6,Q6_Frequency,,週1回未満,Q6週1回未満,0,,,,,,,,,
Q7,Q7_ExposureVariation,,ばく露濃度の変動が小さい作業,Q7ばく露濃度の変動が小さい作業,4,,,,,,,,,
Q7,Q7_ExposureVariation,,ばく露濃度の変動が大きい作業,Q7ばく露濃度の変動が大きい作業,6,,,,,,,,,
Option,Option_RPE_Liquid,液体,防毒マスク（半面形面体）,Option防毒マスク（半面形面体）,10,,,,,,,,,
Option,Option_RPE_Liquid,液体,防毒マスク（全面形面体）,Option防毒マスク（全面形面体）,50,,,,,,,,,
Option,Option_RPE_Liquid,液体,電動ファン付き呼吸用保護具（ルーズフィット形）,Option電動ファン付き呼吸用保護具（ルーズフィット形）,25,,,,,,,,,
Option,Option_RPE_Liquid,液体,電動ファン付き呼吸用保護具（半面形面体）,Option電動ファン付き呼吸用保護具（半面形面体）,50,,,,,,,,,
Option,Option_RPE_Liquid,液体,電動ファン付き呼吸用保護具（全面形面体）,Option電動ファン付き呼吸用保護具（全面形面体）,1000,,,,,,,,,
Option,Option_RPE_Solid,粉体,防じんマスク（全面形面体、RS3・RL3）,Option防じんマスク（全面形面体、RS3・RL3）,50,,,,,,,,,
Option,Option_RPE_Solid,粉体,防じんマスク（全面形面体、RS2・RL2）,Option防じんマスク（全面形面体、RS2・RL2）,14,,,,,,,,,
Option,Option_RPE_Solid,粉体,防じんマスク（全面形面体、RS1・RL1）,Option防じんマスク（全面形面体、RS1・RL1）,4,,,,,,,,,
Option,Option_RPE_Solid,粉体,防じんマスク（半面形面体、RS3・RL3）,Option防じんマスク（半面形面体、RS3・RL3）,10,,,,,,,,,
Option,Option_RPE_Solid,粉体,防じんマスク（半面形面体、RS2・RL2）,Option防じんマスク（半面形面体、RS2・RL2）,10,,,,,,,,,
Option,Option_RPE_Solid,粉体,防じんマスク（半面形面体、RS1・RL1）,Option防じんマスク（半面形面体、RS1・RL1）,4,,,,,,,,,
Option,Option_RPE_Solid,粉体,防じんマスク（使い捨て式、DS3・DL3）,Option防じんマスク（使い捨て式、DS3・DL3）,10,,,,,,,,,
Option,Option_RPE_Solid,粉体,防じんマスク（使い捨て式、DS2・DL2）,Option防じんマスク（使い捨て式、DS2・DL2）,10,,,,,,,,,
Option,Option_RPE_Solid,粉体,防じんマスク（使い捨て式、DS1・DL1）,Option防じんマスク（使い捨て式、DS1・DL1）,4,,,,,,,,,
Option,Option_RPE_Solid,粉体,電動ファン付き呼吸用保護具（ルーズフィット形、S級・A級・B級、PS1・PL1）,Option電動ファン付き呼吸用保護具（ルーズフィット形、S級・A級・B級、PS1・PL1）,11,,,,,,,,,
Option,Option_RPE_Solid,粉体,電動ファン付き呼吸用保護具（ルーズフィット形、A級、PS3・PL3）,Option電動ファン付き呼吸用保護具（ルーズフィット形、A級、PS3・PL3）,20,,,,,,,,,
Option,Option_RPE_Solid,粉体,電動ファン付き呼吸用保護具（ルーズフィット形、S級・A級、PS2・PL2）,Option電動ファン付き呼吸用保護具（ルーズフィット形、S級・A級、PS2・PL2）,20,,,,,,,,,
Option,Option_RPE_Solid,粉体,電動ファン付き呼吸用保護具（ルーズフィット形、S級、PS3・PL3）,Option電動ファン付き呼吸用保護具（ルーズフィット形、S級、PS3・PL3）,25,,,,,,,,,
Option,Option_RPE_Solid,粉体,電動ファン付き呼吸用保護具（半面形面体、A級・B級、PS1・PL1）,Option電動ファン付き呼吸用保護具（半面形面体、A級・B級、PS1・PL1）,14,,,,,,,,,
Option,Option_RPE_Solid,粉体,電動ファン付き呼吸用保護具（全面形面体、A級・B級、PS1・PL1）,Option電動ファン付き呼吸用保護具（全面形面体、A級・B級、PS1・PL1）,19,,,,,,,,,
Option,Option_RPE_Solid,粉体,電動ファン付き呼吸用保護具（半面形面体、A級、PS2・PL2）,Option電動ファン付き呼吸用保護具（半面形面体、A級、PS2・PL2）,33,,,,,,,,,
Option,Option_RPE_Solid,粉体,電動ファン付き呼吸用保護具（半面形面体、S級、PS3・PL3）,Option電動ファン付き呼吸用保護具（半面形面体、S級、PS3・PL3）,50,,,,,,,,,
Option,Option_RPE_Solid,粉体,電動ファン付き呼吸用保護具（全面形面体、A級、PS2・PL2）,Option電動ファン付き呼吸用保護具（全面形面体、A級、PS2・PL2）,90,,,,,,,,,
Option,Option_RPE_Solid,粉体,電動ファン付き呼吸用保護具（全面形面体、S級、PS3・PL3）,Option電動ファン付き呼吸用保護具（全面形面体、S級、PS3・PL3）,1000,,,,,,,,,
Option,Option_Fitting,フィットテストの有無,なし,Optionなし,2,,,,,,,,,
Option,Option_Fitting,フィットテストの有無,簡易法（シールチェック）,Option簡易法（シールチェック）,1.5,,,,,,,,,
Option,Option_Fitting,フィットテストの有無,フィットテスト,Optionフィットテスト,1,,,,,,,,,
Q8,Q8_Exposure_area,接触面積,大きなコインのサイズ、小さな飛沫,Q8大きなコインのサイズ、小さな飛沫,10,,,,,,,,,
Q8,Q8_Exposure_area,接触面積,片手の手のひら付着,Q8片手の手のひら付着,240,,,,,,,,,
Q8,Q8_Exposure_area,接触面積,両手の手のひらに付着,Q8両手の手のひらに付着,480,,,,,,,,,
Q8,Q8_Exposure_area,接触面積,両手全体に付着,Q8両手全体に付着,960,,,,,,,,,
Q8,Q8_Exposure_area,接触面積,両手及び手首,Q8両手及び手首,1500,,,,,,,,,
Q8,Q8_Exposure_area,接触面積,両手の肘から下全体,Q8両手の肘から下全体,1980,,,,,,,,,
Q9,Q9_Glove,化学防護手袋,手袋を着用していない,Q9手袋を着用していない,1,,,,,,,,,
Q9,Q9_Glove,化学防護手袋,取扱物質に関する情報のない手袋を使用している,Q9取扱物質に関する情報のない手袋を使用している,1,,,,,,,,,
Q9,Q9_Glove,化学防護手袋,耐透過性・耐浸透性の手袋の着用している,Q9耐透過性・耐浸透性の手袋の着用している,0.2,,,,,,,,,
Q10,Q10_Glove_edu,教育状況,教育や訓練を行っていない,Q10教育や訓練を行っていない,1,,,,,,,,,
Q10,Q10_Glove_edu,教育状況,基本的な教育や訓練を行っている,Q10基本的な教育や訓練を行っている,0.5,,,,,,,,,
Q10,Q10_Glove_edu,教育状況,十分な教育や訓練を行っている,Q10十分な教育や訓練を行っている,0.25,,,,,,,,,
Q11,Q11_process_temperature,取扱温度,室温,Q11室温,20,,,,,,,,,
Q11,Q11_process_temperature,取扱温度,室温以上,Q11室温以上,TRUE,,,,,,,,,
Q12,Q12_Ignition_source,着火源,はい,Q12はい,TRUE,,,,,,,,,
Q12,Q12_Ignition_source,着火源,いいえ,Q12いいえ,FALSE,,,,,,,,,
Q13,Q13_Explosive_atmosphere,爆発性雰囲気,はい,Q13はい,TRUE,,,,,,,,,
Q13,Q13_Explosive_atmosphere,爆発性雰囲気,いいえ,Q13いいえ,FALSE,,,,,,,,,
Q14,Q14_Organic_matter,有機物や金属,はい,Q14はい,FALSE,,,,,,,,,
Q14,Q14_Organic_matter,有機物や金属,いいえ,Q14いいえ,TRUE,,,,,,,,,
Q15,Q15_Air_water,空気又は水,はい,Q15はい,FALSE,,,,,,,,,
Q15,Q15_Air_water,空気又は水,いいえ,Q15いいえ,TRUE,,,,,,,,,
Glove,Glove_Selection_Task,作業分類,作業分類１ 接触が大きい作業,Glove作業分類１ 接触が大きい作業,1,,,,,,,,,
Glove,Glove_Selection_Task,作業分類,作業分類２ 接触が限られている作業,Glove作業分類２ 接触が限られている作業,2,,,,,,,,,
Glove,Glove_Selection_Task,作業分類,作業分類３ 接触しないと想定される作業,Glove作業分類３ 接触しないと想定される作業,3,,,,,,,,,
